user_id,name,screen_name,location,description,url,protected,followers_count,friends_count,listed_count,created_at,favourites_count,utc_offset,time_zone,geo_enabled,verified,statuses_count,lang,contributors_enabled,is_translator,is_translation_enabled,profile_background_color,profile_background_image_url,profile_background_image_url_https,profile_background_tile,profile_image_url,profile_image_url_https,profile_banner_url,profile_link_color,profile_sidebar_border_color,profile_sidebar_fill_color,profile_text_color,profile_use_background_image,has_extended_profile,default_profile,default_profile_image,following,follow_request_sent,notifications,translator_type,type
3141213592,Governor Matt Bevin,GovMattBevin,"Kentucky, USA",Governor of the Commonwealth of Kentucky,https://t.co/N7GLPP5aTn,FALSE,85240,6,496,2015-04-06T17:25:20Z,1445,NA,NA,TRUE,TRUE,6211,en,FALSE,FALSE,FALSE,C0DEED,http://abs.twimg.com/images/themes/theme1/bg.png,https://abs.twimg.com/images/themes/theme1/bg.png,FALSE,http://pbs.twimg.com/profile_images/776152411002048512/KGLzHoJk_normal.jpg,https://pbs.twimg.com/profile_images/776152411002048512/KGLzHoJk_normal.jpg,https://pbs.twimg.com/profile_banners/3141213592/1543262828,1DA1F2,C0DEED,DDEEF6,333333,TRUE,FALSE,TRUE,FALSE,FALSE,FALSE,FALSE,none,governor
262425225,Governor Tom Corbett,GovernorCorbett,"Harrisburg, PA","Follow for the latest from Pennsylvania Governor Tom Corbett and his administration. Together, we are building a #StrongerPA. Updated by staff.",http://t.co/ZVGRYf2ktS,FALSE,19165,333,633,2011-03-08T01:07:47Z,0,NA,NA,TRUE,TRUE,5479,en,FALSE,FALSE,FALSE,EBEBF0,http://abs.twimg.com/images/themes/theme1/bg.png,https://abs.twimg.com/images/themes/theme1/bg.png,FALSE,http://pbs.twimg.com/profile_images/426086795059548163/VVOAe_FB_normal.jpeg,https://pbs.twimg.com/profile_images/426086795059548163/VVOAe_FB_normal.jpeg,https://pbs.twimg.com/profile_banners/262425225/1405629886,2975E6,FFFFFF,851616,0C0A3D,TRUE,FALSE,FALSE,FALSE,FALSE,FALSE,FALSE,none,governor
243271477,Governor Pat Quinn,GovernorQuinn,Illinois,"Official Twitter account of Illinois Governor Pat Quinn.

http://t.co/HSnnAqYuZO",http://t.co/ISE03vmStQ,FALSE,17547,675,648,2011-01-26T17:50:34Z,207,NA,NA,TRUE,TRUE,2058,en,FALSE,FALSE,FALSE,000033,http://abs.twimg.com/images/themes/theme14/bg.gif,https://abs.twimg.com/images/themes/theme14/bg.gif,FALSE,http://pbs.twimg.com/profile_images/1358375426/profile_normal.jpg,https://pbs.twimg.com/profile_images/1358375426/profile_normal.jpg,https://pbs.twimg.com/profile_banners/243271477/1353534694,000033,FFFFFF,95E8EC,3C3940,FALSE,FALSE,FALSE,FALSE,FALSE,FALSE,FALSE,none,governor
237770636,Governor John Carney,JohnCarneyDE,Delaware,Official Twitter page for Governor John Carney.,https://t.co/nlJO1Rf35Z,FALSE,21828,1194,724,2011-01-13T15:58:13Z,334,NA,NA,TRUE,TRUE,3125,en,FALSE,FALSE,FALSE,022330,http://abs.twimg.com/images/themes/theme15/bg.png,https://abs.twimg.com/images/themes/theme15/bg.png,FALSE,http://pbs.twimg.com/profile_images/818590633245876224/L0YigwdX_normal.jpg,https://pbs.twimg.com/profile_images/818590633245876224/L0YigwdX_normal.jpg,https://pbs.twimg.com/profile_banners/237770636/1491514275,0084B4,FFFFFF,C0DFEC,333333,FALSE,FALSE,FALSE,FALSE,FALSE,FALSE,FALSE,none,governor
234406945,Gov. Dennis Daugaard,SDGovDaugaard,South Dakota,Gov. Dennis Daugaard is the 32nd Governor of South Dakota.,http://t.co/KkDqycg79G,FALSE,20976,585,429,2011-01-05T15:49:32Z,161,NA,NA,FALSE,TRUE,5242,en,FALSE,FALSE,FALSE,719DF4,http://abs.twimg.com/images/themes/theme1/bg.png,https://abs.twimg.com/images/themes/theme1/bg.png,FALSE,http://pbs.twimg.com/profile_images/1257658926/image_normal.jpg,https://pbs.twimg.com/profile_images/1257658926/image_normal.jpg,https://pbs.twimg.com/profile_banners/234406945/1412306835,0084B4,A8C7F7,C0DFEC,333333,TRUE,FALSE,FALSE,FALSE,FALSE,FALSE,FALSE,none,governor
234141596,Governor Dan Malloy,GovMalloyOffice,"Hartford, CT",Official account of the Office of Connecticut Governor Dannel P. Malloy. Tweets are from office staff.,https://t.co/cuOd0P1LeV,FALSE,137595,910,1369,2011-01-04T23:13:19Z,1390,NA,NA,TRUE,TRUE,13491,en,FALSE,FALSE,FALSE,0A357A,http://abs.twimg.com/images/themes/theme2/bg.gif,https://abs.twimg.com/images/themes/theme2/bg.gif,FALSE,http://pbs.twimg.com/profile_images/871037887101513728/A1QJo13v_normal.jpg,https://pbs.twimg.com/profile_images/871037887101513728/A1QJo13v_normal.jpg,https://pbs.twimg.com/profile_banners/234141596/1534447769,429847,C6E2EE,DAECF4,663B12,TRUE,TRUE,FALSE,FALSE,FALSE,FALSE,FALSE,none,governor
232268199,Andrew Cuomo,NYGovCuomo,New York,"Father, fisherman, motorcycle enthusiast, 56th Governor of New York",https://t.co/Oazy5ahlU6,FALSE,844397,600,5085,2010-12-30T17:54:04Z,2496,NA,NA,TRUE,TRUE,25108,en,FALSE,FALSE,FALSE,0077C8,http://abs.twimg.com/images/themes/theme1/bg.png,https://abs.twimg.com/images/themes/theme1/bg.png,FALSE,http://pbs.twimg.com/profile_images/963583273992704006/uC6KfMYp_normal.jpg,https://pbs.twimg.com/profile_images/963583273992704006/uC6KfMYp_normal.jpg,https://pbs.twimg.com/profile_banners/232268199/1538419582,0084B4,FFFFFF,DDEEF6,333333,TRUE,FALSE,FALSE,FALSE,FALSE,FALSE,FALSE,none,governor
231854033,Peter Shumlin,GovPeterShumlin,"Putney, VT",81st Governor of Vermont. #vtforward,https://t.co/Uf5NCMS27f,FALSE,21293,1458,573,2010-12-29T17:02:05Z,40,NA,NA,TRUE,TRUE,7580,en,FALSE,FALSE,FALSE,022330,http://abs.twimg.com/images/themes/theme15/bg.png,https://abs.twimg.com/images/themes/theme15/bg.png,FALSE,http://pbs.twimg.com/profile_images/444178996268249088/r8vBF3Wp_normal.jpeg,https://pbs.twimg.com/profile_images/444178996268249088/r8vBF3Wp_normal.jpeg,https://pbs.twimg.com/profile_banners/231854033/1370895259,0084B4,FFFFFF,C0DFEC,333333,TRUE,FALSE,FALSE,FALSE,FALSE,FALSE,FALSE,none,governor
217416964,Governor Nathan Deal,GovernorDeal,NA,Governor Nathan Deal is the 82nd Governor of Georgia.,https://t.co/qHmRr1TtLG,FALSE,151732,311,965,2010-11-19T13:36:16Z,238,NA,NA,TRUE,TRUE,3114,en,FALSE,FALSE,FALSE,091847,http://abs.twimg.com/images/themes/theme1/bg.png,https://abs.twimg.com/images/themes/theme1/bg.png,TRUE,http://pbs.twimg.com/profile_images/829789168633049092/CL_B_uqQ_normal.jpg,https://pbs.twimg.com/profile_images/829789168633049092/CL_B_uqQ_normal.jpg,https://pbs.twimg.com/profile_banners/217416964/1489074996,384D75,000000,DDFFCC,333333,TRUE,FALSE,FALSE,FALSE,FALSE,FALSE,FALSE,none,governor
216481299,Governor Mark Dayton,GovMarkDayton,"Saint Paul, MN","Check here for updates from the Office of Governor Mark Dayton, Minnesota's 40th Governor.",http://t.co/llBRP4V8S5,FALSE,148524,5336,1344,2010-11-16T21:08:36Z,0,NA,NA,TRUE,TRUE,4183,en,FALSE,FALSE,FALSE,C0DEED,http://abs.twimg.com/images/themes/theme1/bg.png,https://abs.twimg.com/images/themes/theme1/bg.png,FALSE,http://pbs.twimg.com/profile_images/459360155067355136/h_oH_iU9_normal.jpeg,https://pbs.twimg.com/profile_images/459360155067355136/h_oH_iU9_normal.jpeg,https://pbs.twimg.com/profile_banners/216481299/1415823863,0084B4,FFFFFF,DDEEF6,333333,FALSE,FALSE,FALSE,FALSE,FALSE,FALSE,FALSE,none,governor
213795411,Governor Walker,GovWalker,Wisconsin,"Official Twitter Account of the 45th Governor of the State of Wisconsin, Scott Walker.",https://t.co/2pQRUDuBVR,FALSE,188599,264,2843,2010-11-09T20:35:32Z,11,NA,NA,TRUE,TRUE,13831,en,FALSE,FALSE,FALSE,C0DEED,http://abs.twimg.com/images/themes/theme1/bg.png,https://abs.twimg.com/images/themes/theme1/bg.png,TRUE,http://pbs.twimg.com/profile_images/561234118864670720/gasKlzlk_normal.jpeg,https://pbs.twimg.com/profile_images/561234118864670720/gasKlzlk_normal.jpeg,https://pbs.twimg.com/profile_banners/213795411/1536081981,0084B4,C0DEED,DDEEF6,333333,TRUE,FALSE,FALSE,FALSE,FALSE,FALSE,FALSE,none,governor
194233791,Governor Mary Fallin,GovMaryFallin,Oklahoma,Official Twitter account of Oklahoma Governor Mary Fallin.,http://t.co/K8roKoIQHt,FALSE,37991,415,881,2010-09-23T19:06:46Z,750,NA,NA,TRUE,TRUE,6028,en,FALSE,FALSE,FALSE,C0DEED,http://abs.twimg.com/images/themes/theme1/bg.png,https://abs.twimg.com/images/themes/theme1/bg.png,FALSE,http://pbs.twimg.com/profile_images/1228333442/Governor_Mary_Fallin_-_Twitter_normal.jpg,https://pbs.twimg.com/profile_images/1228333442/Governor_Mary_Fallin_-_Twitter_normal.jpg,https://pbs.twimg.com/profile_banners/194233791/1474753564,0084B4,FFFFFF,DDEEF6,333333,FALSE,FALSE,FALSE,FALSE,FALSE,FALSE,FALSE,none,governor
142334996,Gov Kasich Comm Dept,OHPressSec,NA,Twitter Headquarters of Governor @JohnKasich's Communication Office.,http://t.co/LmRX81jSMw,FALSE,6726,276,295,2010-05-10T16:15:22Z,1,NA,NA,TRUE,TRUE,1161,en,FALSE,FALSE,FALSE,C0DEED,http://abs.twimg.com/images/themes/theme1/bg.png,https://abs.twimg.com/images/themes/theme1/bg.png,FALSE,http://pbs.twimg.com/profile_images/1241236836/18_normal.jpg,https://pbs.twimg.com/profile_images/1241236836/18_normal.jpg,NA,1DA1F2,C0DEED,DDEEF6,333333,TRUE,FALSE,TRUE,FALSE,FALSE,FALSE,FALSE,none,governor
117839957,John Hickenlooper,hickforco,Colorado,Colorado Governor John Hickenlooper's personal twitter account. Follow my official Governor's account @GovOfCO,https://t.co/ta0pmileqj,FALSE,123814,575,1560,2010-02-26T19:57:34Z,78,NA,NA,FALSE,TRUE,2833,en,FALSE,FALSE,FALSE,C0DEED,http://abs.twimg.com/images/themes/theme1/bg.png,https://abs.twimg.com/images/themes/theme1/bg.png,FALSE,http://pbs.twimg.com/profile_images/715213549950386176/gWaNxlRA_normal.jpg,https://pbs.twimg.com/profile_images/715213549950386176/gWaNxlRA_normal.jpg,https://pbs.twimg.com/profile_banners/117839957/1399658056,00AFEF,400052,DDEEF6,400052,TRUE,FALSE,FALSE,FALSE,FALSE,FALSE,FALSE,none,governor
104198706,Ralph Northam,GovernorVA,"Richmond, Va",Official account for Virginia Governor Ralph Northam,https://t.co/2zbcMYlA6q,FALSE,140392,357,1646,2010-01-12T16:02:16Z,296,NA,NA,TRUE,TRUE,7600,en,FALSE,FALSE,FALSE,102447,http://abs.twimg.com/images/themes/theme1/bg.png,https://abs.twimg.com/images/themes/theme1/bg.png,FALSE,http://pbs.twimg.com/profile_images/958414756301459461/EiaQCL-7_normal.jpg,https://pbs.twimg.com/profile_images/958414756301459461/EiaQCL-7_normal.jpg,https://pbs.twimg.com/profile_banners/104198706/1536179459,428BCA,000000,F0EEE8,333333,FALSE,FALSE,FALSE,FALSE,FALSE,FALSE,FALSE,none,governor
90484508,Governor Christie,GovChristie,"Mendham, NJ",Official Twitter Account of the 55th Governor of New Jersey. Husband and proud father of four. ABC News Political and Legal Contributor,NA,FALSE,917801,592,7421,2009-11-16T21:08:09Z,75,NA,NA,TRUE,TRUE,9400,en,FALSE,FALSE,FALSE,0A1F2F,http://abs.twimg.com/images/themes/theme2/bg.gif,https://abs.twimg.com/images/themes/theme2/bg.gif,FALSE,http://pbs.twimg.com/profile_images/646777986528645120/TRMcntto_normal.jpg,https://pbs.twimg.com/profile_images/646777986528645120/TRMcntto_normal.jpg,https://pbs.twimg.com/profile_banners/90484508/1452559016,090A0A,FFFFFF,3D5363,000005,TRUE,FALSE,FALSE,FALSE,FALSE,FALSE,FALSE,none,governor
89193992,Governor Jeff Colyer,GovJeffColyer,"Topeka, Kansas","Official Twitter page for the Kansas Governor's Office. 47th Governor Jeff Colyer, M.D. #ksleg",https://t.co/pVPhYm6zM5,FALSE,20817,410,780,2009-11-11T14:18:51Z,731,NA,NA,TRUE,FALSE,1117,en,FALSE,FALSE,FALSE,C0DEED,http://abs.twimg.com/images/themes/theme1/bg.png,https://abs.twimg.com/images/themes/theme1/bg.png,FALSE,http://pbs.twimg.com/profile_images/1043233283457396737/mpPMjWF7_normal.jpg,https://pbs.twimg.com/profile_images/1043233283457396737/mpPMjWF7_normal.jpg,https://pbs.twimg.com/profile_banners/89193992/1517432317,0084B4,C0DEED,DDEEF6,333333,FALSE,FALSE,FALSE,FALSE,FALSE,FALSE,FALSE,none,governor
84406725,Terry Branstad,TerryBranstad,Iowa,This is the Twitter account for former Iowa Gov. Terry Branstad.,http://t.co/OeTDWqNosq,FALSE,23175,1037,782,2009-10-22T19:45:32Z,22,NA,NA,TRUE,TRUE,6981,en,FALSE,FALSE,FALSE,9BADC3,http://abs.twimg.com/images/themes/theme1/bg.png,https://abs.twimg.com/images/themes/theme1/bg.png,FALSE,http://pbs.twimg.com/profile_images/437726067734757376/HSBVf3Z5_normal.jpeg,https://pbs.twimg.com/profile_images/437726067734757376/HSBVf3Z5_normal.jpeg,NA,0084B4,C0DEED,DDEEF6,333333,TRUE,FALSE,FALSE,FALSE,FALSE,FALSE,FALSE,none,governor
69427169,John Kitzhaber,GovKitz,NA,NA,NA,FALSE,17419,3636,736,2009-08-27T22:40:05Z,6,NA,NA,TRUE,TRUE,3874,en,FALSE,FALSE,TRUE,004B8D,http://abs.twimg.com/images/themes/theme1/bg.png,https://abs.twimg.com/images/themes/theme1/bg.png,FALSE,http://pbs.twimg.com/profile_images/464191420396351489/ltGvA7qC_normal.jpeg,https://pbs.twimg.com/profile_images/464191420396351489/ltGvA7qC_normal.jpeg,NA,0060A0,005F9F,E4F7FE,333333,TRUE,FALSE,FALSE,FALSE,FALSE,FALSE,FALSE,none,governor
66891808,Brian Sandoval,BrianSandoval,"Carson City, Nevada","Governor of Nevada. 
Personal tweets by Governor Sandoval 
are marked ‚Äú-BES‚Äù.",http://t.co/KvnYw0Ls5d,FALSE,31920,3421,745,2009-08-19T03:02:57Z,187,NA,NA,FALSE,TRUE,5916,en,FALSE,FALSE,FALSE,050505,http://abs.twimg.com/images/themes/theme1/bg.png,https://abs.twimg.com/images/themes/theme1/bg.png,FALSE,http://pbs.twimg.com/profile_images/945791123326353408/Vzr23heR_normal.jpg,https://pbs.twimg.com/profile_images/945791123326353408/Vzr23heR_normal.jpg,https://pbs.twimg.com/profile_banners/66891808/1514329208,9F0000,FFFFFF,FFFFFF,333333,TRUE,FALSE,FALSE,FALSE,FALSE,FALSE,FALSE,none,governor
60688326,Gov. Gary Herbert,GovHerbert,Utah,Proudly serving as the 17th governor of the great state of Utah.  Facebook: https://t.co/2ErGDynzXW #utpol,http://t.co/rRuojjoHUd,FALSE,42822,475,860,2009-07-27T19:38:06Z,1181,NA,NA,TRUE,TRUE,6167,en,FALSE,FALSE,FALSE,8F2828,http://abs.twimg.com/images/themes/theme1/bg.png,https://abs.twimg.com/images/themes/theme1/bg.png,TRUE,http://pbs.twimg.com/profile_images/624305992252022785/KT2vr574_normal.jpg,https://pbs.twimg.com/profile_images/624305992252022785/KT2vr574_normal.jpg,https://pbs.twimg.com/profile_banners/60688326/1523303906,3B94D9,FFFFFF,4B91C2,333333,TRUE,FALSE,FALSE,FALSE,FALSE,FALSE,FALSE,none,governor
57963724,Susana Martinez,Gov_Martinez,"Santa Fe, NM",Governor of New Mexico #NMGOV #GovernorMartinez. Follow me on Facebook @ https://t.co/pjqaBFGmID,https://t.co/cPTHNMjII1,FALSE,17945,17,745,2009-07-18T16:01:12Z,2,NA,NA,TRUE,TRUE,590,en,FALSE,FALSE,FALSE,3E5A81,http://abs.twimg.com/images/themes/theme1/bg.png,https://abs.twimg.com/images/themes/theme1/bg.png,FALSE,http://pbs.twimg.com/profile_images/1067852509144801280/4QqTCD3x_normal.jpg,https://pbs.twimg.com/profile_images/1067852509144801280/4QqTCD3x_normal.jpg,https://pbs.twimg.com/profile_banners/57963724/1398197651,1F98C7,FFFFFF,FFFFFF,5E585E,FALSE,FALSE,FALSE,FALSE,FALSE,FALSE,FALSE,none,governor
54359015,Sean Parnell,SeanParnellAK,Alaska,"Official Twitter page of Sean Parnell, former Alaska Governor and Lt. Governor.",NA,FALSE,5551,36,329,2009-07-06T22:39:39Z,6,NA,NA,FALSE,TRUE,1970,en,FALSE,FALSE,FALSE,FFFFFF,http://abs.twimg.com/images/themes/theme15/bg.png,https://abs.twimg.com/images/themes/theme15/bg.png,FALSE,http://pbs.twimg.com/profile_images/539982080042475522/1RnrGb9A_normal.jpeg,https://pbs.twimg.com/profile_images/539982080042475522/1RnrGb9A_normal.jpeg,https://pbs.twimg.com/profile_banners/54359015/1417740837,0084B4,A8C7F7,C0DFEC,333333,TRUE,FALSE,FALSE,FALSE,FALSE,FALSE,FALSE,none,governor
48724141,Gov. Jack Markell,GovernorMarkell,Delaware,Former Governor of #Delaware (2009-17) who signs his tweets -JM.,http://t.co/7QJ59oWJpD,FALSE,49376,6778,799,2009-06-19T14:47:58Z,1432,NA,NA,TRUE,TRUE,8190,en,FALSE,FALSE,FALSE,00305C,http://abs.twimg.com/images/themes/theme1/bg.png,https://abs.twimg.com/images/themes/theme1/bg.png,FALSE,http://pbs.twimg.com/profile_images/872819360942968832/vgnIw_yy_normal.jpg,https://pbs.twimg.com/profile_images/872819360942968832/vgnIw_yy_normal.jpg,https://pbs.twimg.com/profile_banners/48724141/1496931232,000000,CCBF84,ECE5DE,393331,TRUE,FALSE,FALSE,FALSE,FALSE,FALSE,FALSE,none,governor
40923070,Jan Brewer,GovBrewer,Arizona,Arizona's 22nd Governor,https://t.co/F9V4FJPvlK,FALSE,54010,618,2032,2009-05-18T17:41:35Z,2936,NA,NA,TRUE,FALSE,2575,en,FALSE,FALSE,FALSE,EBEBEB,http://abs.twimg.com/images/themes/theme7/bg.gif,https://abs.twimg.com/images/themes/theme7/bg.gif,FALSE,http://pbs.twimg.com/profile_images/378800000643460137/448e965708983f058a3fac55cbb2e8d4_normal.jpeg,https://pbs.twimg.com/profile_images/378800000643460137/448e965708983f058a3fac55cbb2e8d4_normal.jpeg,https://pbs.twimg.com/profile_banners/40923070/1358543677,990000,DFDFDF,F3F3F3,333333,TRUE,FALSE,FALSE,FALSE,FALSE,FALSE,FALSE,none,governor
39556712,Mike Beebe,MikeBeebeAR,"Searcy, Arkansas",Arkansas's 45th Governor. Account maintained by former staff.,NA,FALSE,17067,319,418,2009-05-12T18:08:28Z,6,NA,NA,FALSE,FALSE,729,en,FALSE,FALSE,FALSE,C0DEED,http://abs.twimg.com/images/themes/theme1/bg.png,https://abs.twimg.com/images/themes/theme1/bg.png,FALSE,http://pbs.twimg.com/profile_images/2409165736/mlqj7qo5tqod9gbgoaba_normal.jpeg,https://pbs.twimg.com/profile_images/2409165736/mlqj7qo5tqod9gbgoaba_normal.jpeg,https://pbs.twimg.com/profile_banners/39556712/1400090708,1DA1F2,C0DEED,DDEEF6,333333,TRUE,FALSE,TRUE,FALSE,FALSE,FALSE,FALSE,none,governor
39525554,Governor Robert Bentley,GovRBentley,"Alabama, USA",Dad. Papa. Physician. Job Creator. Tornado Recoverer. Road Builder. PreK Expander. Overcomer. And 53rd Governor of Alabama. God Bless our #GreatState.,https://t.co/9aKb23a1ph,FALSE,38588,530,809,2009-05-12T15:44:35Z,543,NA,NA,TRUE,FALSE,7083,en,FALSE,FALSE,FALSE,F6F6F6,http://abs.twimg.com/images/themes/theme1/bg.png,https://abs.twimg.com/images/themes/theme1/bg.png,FALSE,http://pbs.twimg.com/profile_images/1011435817733120000/BZiGubqX_normal.jpg,https://pbs.twimg.com/profile_images/1011435817733120000/BZiGubqX_normal.jpg,https://pbs.twimg.com/profile_banners/39525554/1529943000,AB2626,000000,DDFFCC,333333,TRUE,TRUE,FALSE,FALSE,FALSE,FALSE,FALSE,none,governor
39348261,Chris Gregoire,GovGregoire,"Olympia,WA","Governor, State of Washington",http://t.co/be9UDzGsZO,FALSE,9253,36,694,2009-05-11T21:35:09Z,0,NA,NA,FALSE,FALSE,467,en,FALSE,FALSE,FALSE,DFDFDD,http://abs.twimg.com/images/themes/theme6/bg.gif,https://abs.twimg.com/images/themes/theme6/bg.gif,FALSE,http://pbs.twimg.com/profile_images/2409653703/9zgjc23lt65mywp0bg96_normal.jpeg,https://pbs.twimg.com/profile_images/2409653703/9zgjc23lt65mywp0bg96_normal.jpeg,NA,333333,042C59,ECECF3,333333,TRUE,FALSE,FALSE,FALSE,FALSE,FALSE,FALSE,none,governor
36396752,Idaho Governor,ButchOtter,"Boise, Idaho, USA",If you are having trouble with this account please call Jon Hanian at (208) 334-2100.,http://t.co/AFkwykYs3A,FALSE,23028,1635,575,2009-04-29T16:17:00Z,15,NA,NA,TRUE,FALSE,1735,en,FALSE,FALSE,FALSE,073570,http://abs.twimg.com/images/themes/theme1/bg.png,https://abs.twimg.com/images/themes/theme1/bg.png,FALSE,http://pbs.twimg.com/profile_images/190575583/butch_normal.png,https://pbs.twimg.com/profile_images/190575583/butch_normal.png,NA,3A5FCB,6688B5,C3C5B0,000000,TRUE,FALSE,FALSE,FALSE,FALSE,FALSE,FALSE,none,governor
34308692,Governor Jay Nixon,GovJayNixon,"Missouri, USA","Missouri‚Äôs 55th Governor, lawyer, husband, and father.  Eternal optimist, sports fan, relentless booster for the outdoors and all things #Missouri",NA,FALSE,35270,548,849,2009-04-22T15:53:51Z,93,NA,NA,TRUE,TRUE,5380,en,FALSE,FALSE,FALSE,C0DEED,http://abs.twimg.com/images/themes/theme1/bg.png,https://abs.twimg.com/images/themes/theme1/bg.png,TRUE,http://pbs.twimg.com/profile_images/817880970762145792/dz-WJsiF_normal.jpg,https://pbs.twimg.com/profile_images/817880970762145792/dz-WJsiF_normal.jpg,NA,0084B4,FFFFFF,DDEEF6,333333,TRUE,FALSE,FALSE,FALSE,FALSE,FALSE,FALSE,none,governor
33750798,Scott Walker,ScottWalker,"Wisconsin, USA","Husband, father of two, 45th Governor of Wisconsin, reformer, leader & principled conservative.",https://t.co/6ymo6WqnGg,FALSE,282246,197,3758,2009-04-21T01:15:16Z,14,NA,NA,TRUE,TRUE,14069,en,FALSE,FALSE,FALSE,061D32,http://abs.twimg.com/images/themes/theme1/bg.png,https://abs.twimg.com/images/themes/theme1/bg.png,FALSE,http://pbs.twimg.com/profile_images/1054000246592696320/dE9AKF4U_normal.jpg,https://pbs.twimg.com/profile_images/1054000246592696320/dE9AKF4U_normal.jpg,https://pbs.twimg.com/profile_banners/33750798/1541989241,0084B4,FFFFFF,E4ECF0,333333,FALSE,FALSE,FALSE,FALSE,FALSE,FALSE,FALSE,none,governor
26103389,Gov. Bill Haslam,BillHaslam,Tennessee,Governor of Tennessee.,https://t.co/cIiaz88cJr,FALSE,142592,7706,1276,2009-03-23T22:12:06Z,55,NA,NA,TRUE,TRUE,1963,en,FALSE,FALSE,FALSE,131516,http://abs.twimg.com/images/themes/theme14/bg.gif,https://abs.twimg.com/images/themes/theme14/bg.gif,TRUE,http://pbs.twimg.com/profile_images/1801937677/t_sq_normal.jpg,https://pbs.twimg.com/profile_images/1801937677/t_sq_normal.jpg,https://pbs.twimg.com/profile_banners/26103389/1357673058,009999,EEEEEE,EFEFEF,333333,FALSE,FALSE,FALSE,FALSE,FALSE,FALSE,FALSE,none,governor
20252855,Haley Barbour,HaleyBarbour,"Yazoo City, MS","Husband, Father, Grandfather | Founding Partner at BGR Group | Former Mississippi Governor, RGA Chairman, and RNC Chairman",https://t.co/2RhVcrPh55,FALSE,33706,336,1145,2009-02-06T17:16:52Z,12,NA,NA,FALSE,TRUE,808,en,FALSE,FALSE,FALSE,B30F19,http://abs.twimg.com/images/themes/theme1/bg.png,https://abs.twimg.com/images/themes/theme1/bg.png,FALSE,http://pbs.twimg.com/profile_images/973601071384940544/q1BZpC6y_normal.jpg,https://pbs.twimg.com/profile_images/973601071384940544/q1BZpC6y_normal.jpg,NA,CC0000,BABABA,EBEBEB,333333,TRUE,FALSE,FALSE,FALSE,FALSE,FALSE,FALSE,none,governor
19418459,Jerry Brown,JerryBrownGov,California,On Facebook at: http://t.co/ZhAotX27jb,http://t.co/1K8ra1Cvbg,FALSE,1110629,17,6099,2009-01-23T22:42:45Z,4,NA,NA,TRUE,TRUE,2225,en,FALSE,FALSE,FALSE,131516,http://abs.twimg.com/images/themes/theme14/bg.gif,https://abs.twimg.com/images/themes/theme14/bg.gif,TRUE,http://pbs.twimg.com/profile_images/533387964772929536/bzWw-mHV_normal.jpeg,https://pbs.twimg.com/profile_images/533387964772929536/bzWw-mHV_normal.jpeg,https://pbs.twimg.com/profile_banners/19418459/1398447193,009999,EEEEEE,EFEFEF,333333,FALSE,FALSE,FALSE,FALSE,FALSE,FALSE,FALSE,none,governor
19291441,Gov. Greg Abbott,GovAbbott,NA,Official news from the Office of Texas Governor Greg Abbott. You can follow the governor's personal feed @GregAbbott_TX,https://t.co/VRWHDYuF2o,FALSE,162166,4546,2330,2009-01-21T15:27:55Z,1457,NA,NA,TRUE,TRUE,5705,en,FALSE,FALSE,FALSE,173652,http://abs.twimg.com/images/themes/theme1/bg.png,https://abs.twimg.com/images/themes/theme1/bg.png,FALSE,http://pbs.twimg.com/profile_images/582638954597330944/HDKMBXZx_normal.png,https://pbs.twimg.com/profile_images/582638954597330944/HDKMBXZx_normal.png,https://pbs.twimg.com/profile_banners/19291441/1421777123,29478D,D4E1E9,D4E1E9,173852,TRUE,FALSE,FALSE,FALSE,FALSE,FALSE,FALSE,none,governor
18023868,Charlie Baker,MassGovernor,Massachusetts,Official account of Governor Charlie Baker of Massachusetts.,https://t.co/1lS1Hsrlop,FALSE,240951,10951,3177,2008-12-10T17:06:17Z,594,NA,NA,TRUE,TRUE,11595,en,FALSE,FALSE,FALSE,FFFFFF,http://abs.twimg.com/images/themes/theme1/bg.png,https://abs.twimg.com/images/themes/theme1/bg.png,FALSE,http://pbs.twimg.com/profile_images/853638312178921472/BfsEMsAE_normal.jpg,https://pbs.twimg.com/profile_images/853638312178921472/BfsEMsAE_normal.jpg,https://pbs.twimg.com/profile_banners/18023868/1420736539,192F73,7E899D,E2E0D3,000000,TRUE,FALSE,FALSE,FALSE,FALSE,FALSE,FALSE,none,governor
18020081,John Kasich,JohnKasich,"Westerville, Ohio","Husband, Dad and Governor of Ohio. Learn more about my latest book at https://t.co/Vdhq3le6UO",https://t.co/sWW9jdoZ1L,FALSE,952420,10053,5573,2008-12-10T14:33:27Z,835,NA,NA,TRUE,TRUE,11588,en,FALSE,FALSE,FALSE,F7F2F2,http://abs.twimg.com/images/themes/theme6/bg.gif,https://abs.twimg.com/images/themes/theme6/bg.gif,FALSE,http://pbs.twimg.com/profile_images/942444168168792065/9Y7MgbD6_normal.jpg,https://pbs.twimg.com/profile_images/942444168168792065/9Y7MgbD6_normal.jpg,https://pbs.twimg.com/profile_banners/18020081/1529086145,088253,D3D2CF,E3E2DE,634047,FALSE,TRUE,FALSE,FALSE,FALSE,FALSE,FALSE,none,governor
17078632,Gov. Bobby Jindal,BobbyJindal,"Baton Rouge, LA","Husband, Dad and 55th Governor of the great state of Louisiana.",https://t.co/VFD2ojTZ9T,FALSE,246952,19982,5121,2008-10-31T01:35:15Z,0,NA,NA,TRUE,TRUE,3509,en,FALSE,FALSE,FALSE,022330,http://abs.twimg.com/images/themes/theme15/bg.png,https://abs.twimg.com/images/themes/theme15/bg.png,FALSE,http://pbs.twimg.com/profile_images/686593920550047744/l72DgjBR_normal.png,https://pbs.twimg.com/profile_images/686593920550047744/l72DgjBR_normal.png,https://pbs.twimg.com/profile_banners/17078632/1452531762,0084B4,A8C7F7,C0DFEC,333333,TRUE,FALSE,FALSE,FALSE,FALSE,FALSE,FALSE,none,governor
14738157,Bob McDonnell,BobMcDonnell,"Richmond, Virginia","On the path to restoration... 71st Governor of Virginia, Dad, Brother, Business Owner, Golfer, Notre Dame Alumnus, Professor, and Proud American.",https://t.co/xKkbmThDLR,FALSE,29945,7121,1351,2008-05-11T23:46:10Z,52,NA,NA,TRUE,TRUE,2601,en,FALSE,FALSE,FALSE,022733,http://abs.twimg.com/images/themes/theme15/bg.png,https://abs.twimg.com/images/themes/theme15/bg.png,FALSE,http://pbs.twimg.com/profile_images/778982088544493568/T-0aekL0_normal.jpg,https://pbs.twimg.com/profile_images/778982088544493568/T-0aekL0_normal.jpg,https://pbs.twimg.com/profile_banners/14738157/1506458753,0084B4,A8C7F7,C0DFEC,333333,FALSE,FALSE,FALSE,FALSE,FALSE,FALSE,FALSE,none,governor
10326832,Neil Abercrombie,neilabercrombie,"Honolulu, Hawaii","Official Twitter account of the Governor of the State of Hawaii, Governor Neil Abercrombie.",http://t.co/yZQU49Cohx,FALSE,13404,4831,840,2007-11-17T07:39:24Z,403,NA,NA,TRUE,TRUE,7139,en,FALSE,FALSE,FALSE,063482,http://abs.twimg.com/images/themes/theme1/bg.png,https://abs.twimg.com/images/themes/theme1/bg.png,FALSE,http://pbs.twimg.com/profile_images/1475095763/5.9.2011_Governor_Abercrombie_2x2.5_normal.jpg,https://pbs.twimg.com/profile_images/1475095763/5.9.2011_Governor_Abercrombie_2x2.5_normal.jpg,https://pbs.twimg.com/profile_banners/10326832/1412816700,00B3FF,1C65DC,EBEBEB,1C65DC,FALSE,FALSE,FALSE,FALSE,FALSE,FALSE,FALSE,none,governor
991721030631780354,Jahana Hayes for Congress,JahanaHayesCT,"Waterbury, CT",Congresswoman-Elect CT 5th Congressional District,https://t.co/M3SQ8jj5UE,FALSE,16512,153,185,2018-05-02T16:48:13Z,1263,NA,NA,TRUE,TRUE,956,en,FALSE,FALSE,FALSE,F5F8FA,NA,NA,FALSE,http://pbs.twimg.com/profile_images/991721441035927552/4B-5M2af_normal.jpg,https://pbs.twimg.com/profile_images/991721441035927552/4B-5M2af_normal.jpg,https://pbs.twimg.com/profile_banners/991721030631780354/1525520770,1DA1F2,C0DEED,DDEEF6,333333,TRUE,FALSE,TRUE,FALSE,FALSE,FALSE,FALSE,none,congress
950952511556538368,Sharice Davids,sharicedavids,"Shawnee, KS",Congresswoman-elect in #KS03,https://t.co/aPJCE8F8vh,FALSE,67264,1033,450,2018-01-10T04:48:41Z,5517,NA,NA,FALSE,TRUE,1421,en,FALSE,FALSE,FALSE,F5F8FA,NA,NA,FALSE,http://pbs.twimg.com/profile_images/963886151219236864/L2Z88JB__normal.jpg,https://pbs.twimg.com/profile_images/963886151219236864/L2Z88JB__normal.jpg,https://pbs.twimg.com/profile_banners/950952511556538368/1542046361,1DA1F2,C0DEED,DDEEF6,333333,TRUE,FALSE,TRUE,FALSE,FALSE,FALSE,FALSE,none,congress
950111395378597888,Elaine Luria,ElaineLuriaVA,"Virginia, USA",Congresswoman-Elect for Virginia's 2nd Congressional District.,https://t.co/aQtKZhmmsR,FALSE,9880,659,182,2018-01-07T21:06:23Z,134,NA,NA,TRUE,TRUE,751,en,FALSE,FALSE,FALSE,F5F8FA,NA,NA,FALSE,http://pbs.twimg.com/profile_images/950119766282395648/0n161rtx_normal.jpg,https://pbs.twimg.com/profile_images/950119766282395648/0n161rtx_normal.jpg,https://pbs.twimg.com/profile_banners/950111395378597888/1515361057,1DA1F2,C0DEED,DDEEF6,333333,TRUE,TRUE,TRUE,FALSE,FALSE,FALSE,FALSE,none,congress
947956236804337664,Lucy McBath,LucyWins2018,"Georgia, USA",Mother of Jordan Davis - young man who was shot and killed in the national Loud Music Shooting. Representative-Elect for Georgia‚Äôs Sixth Congressional District.,https://t.co/EL52F1NAeH,FALSE,67927,387,384,2018-01-01T22:22:33Z,705,NA,NA,TRUE,TRUE,971,en,FALSE,FALSE,FALSE,F5F8FA,NA,NA,FALSE,http://pbs.twimg.com/profile_images/1030226621633056769/_TIBBue6_normal.jpg,https://pbs.twimg.com/profile_images/1030226621633056769/_TIBBue6_normal.jpg,https://pbs.twimg.com/profile_banners/947956236804337664/1542342997,1DA1F2,C0DEED,DDEEF6,333333,TRUE,FALSE,TRUE,FALSE,FALSE,FALSE,FALSE,none,congress
935717078966964228,Madeleine Dean,mad4pa,"Abington, PA",Congresswoman-Elect for Montgomery and Berks Counties #PA04,https://t.co/GKxv9mI35E,FALSE,6343,2484,88,2017-11-29T03:48:31Z,865,NA,NA,TRUE,TRUE,747,en,FALSE,FALSE,FALSE,F5F8FA,NA,NA,FALSE,http://pbs.twimg.com/profile_images/989166798896553984/aeTiRlRs_normal.jpg,https://pbs.twimg.com/profile_images/989166798896553984/aeTiRlRs_normal.jpg,https://pbs.twimg.com/profile_banners/935717078966964228/1524671629,1DA1F2,C0DEED,DDEEF6,333333,TRUE,FALSE,TRUE,FALSE,FALSE,FALSE,FALSE,none,congress
930552552302792705,Dan Crenshaw,DanCrenshawTX,"Spring, TX","Dan Crenshaw, Congressman-elect, Lieutenant Commander (Ret), a former Navy SEAL. Send media inquiries to press@crenshawforcongress.com",https://t.co/bdQoePkZ5C,FALSE,158709,647,363,2017-11-14T21:46:32Z,135,NA,NA,FALSE,TRUE,432,en,FALSE,FALSE,FALSE,000000,http://abs.twimg.com/images/themes/theme1/bg.png,https://abs.twimg.com/images/themes/theme1/bg.png,FALSE,http://pbs.twimg.com/profile_images/1047938321186480128/GF8q1URJ_normal.jpg,https://pbs.twimg.com/profile_images/1047938321186480128/GF8q1URJ_normal.jpg,https://pbs.twimg.com/profile_banners/930552552302792705/1541634921,FAB81E,000000,000000,000000,FALSE,FALSE,FALSE,FALSE,FALSE,FALSE,FALSE,none,congress
900516768032202752,Jared Golden,golden4congress,"Maine, USA","Marine veteran, husband, Assistant Majority Leader. Democrat running for Congress in ME-02 #TeamGolden",https://t.co/Y0Zt10prbn,FALSE,6181,180,134,2017-08-24T00:35:03Z,201,NA,NA,TRUE,TRUE,405,en,FALSE,FALSE,FALSE,F5F8FA,NA,NA,FALSE,http://pbs.twimg.com/profile_images/1038940794886017024/PTRpMKyj_normal.jpg,https://pbs.twimg.com/profile_images/1038940794886017024/PTRpMKyj_normal.jpg,https://pbs.twimg.com/profile_banners/900516768032202752/1503545256,1DA1F2,C0DEED,DDEEF6,333333,TRUE,FALSE,TRUE,FALSE,FALSE,FALSE,FALSE,none,congress
900025544032624640,Anthony Gonzalez,anthonygonzalez,"Ohio, USA",Husband. Dad. Northeast Ohio born and raised. The Ohio State University. #11. Candidate for Congress in OH-16.,NA,FALSE,6294,200,45,2017-08-22T16:03:06Z,212,NA,NA,FALSE,TRUE,423,en,FALSE,FALSE,FALSE,000000,http://abs.twimg.com/images/themes/theme1/bg.png,https://abs.twimg.com/images/themes/theme1/bg.png,FALSE,http://pbs.twimg.com/profile_images/958732674176253957/rVeOHJRq_normal.jpg,https://pbs.twimg.com/profile_images/958732674176253957/rVeOHJRq_normal.jpg,https://pbs.twimg.com/profile_banners/900025544032624640/1504623568,B3292D,000000,000000,000000,FALSE,TRUE,FALSE,FALSE,FALSE,FALSE,FALSE,none,congress
892491627088011264,Max Rose,MaxRose4NY,Staten Island,"The proud Congressman-Elect for #NY11. Staten Islander, veteran, and massive fan of Pitch Perfect.",https://t.co/jjm4mgJmYG,FALSE,12303,360,173,2017-08-01T21:06:00Z,293,NA,NA,TRUE,TRUE,1633,en,FALSE,FALSE,FALSE,F5F8FA,NA,NA,FALSE,http://pbs.twimg.com/profile_images/1000085807229685760/psTa9av__normal.jpg,https://pbs.twimg.com/profile_images/1000085807229685760/psTa9av__normal.jpg,https://pbs.twimg.com/profile_banners/892491627088011264/1501677969,1DA1F2,C0DEED,DDEEF6,333333,TRUE,FALSE,TRUE,FALSE,FALSE,FALSE,FALSE,none,congress
890038958104735744,Greg Pence,GregPenceIN,NA,Congressman-elect for Indiana's 6th District.,https://t.co/XMaWVu0f4R,FALSE,5736,141,36,2017-07-26T02:39:58Z,26,NA,NA,FALSE,TRUE,485,en,FALSE,FALSE,FALSE,000000,http://abs.twimg.com/images/themes/theme1/bg.png,https://abs.twimg.com/images/themes/theme1/bg.png,FALSE,http://pbs.twimg.com/profile_images/920696987762216964/BJ4HTGQ__normal.jpg,https://pbs.twimg.com/profile_images/920696987762216964/BJ4HTGQ__normal.jpg,https://pbs.twimg.com/profile_banners/890038958104735744/1508346342,C41230,000000,000000,000000,FALSE,FALSE,FALSE,FALSE,FALSE,FALSE,FALSE,none,congress
883069589722198018,Pete Stauber,PeteStauber,"Duluth, MN",Service. Leadership. Conservative. Running to represent #MN08 in Congress,https://t.co/JCZbvzDmS7,FALSE,5891,56,83,2017-07-06T21:06:11Z,51,NA,NA,TRUE,TRUE,826,en-gb,FALSE,FALSE,FALSE,000000,http://abs.twimg.com/images/themes/theme1/bg.png,https://abs.twimg.com/images/themes/theme1/bg.png,FALSE,http://pbs.twimg.com/profile_images/972208460296278016/_dEZwkiK_normal.jpg,https://pbs.twimg.com/profile_images/972208460296278016/_dEZwkiK_normal.jpg,https://pbs.twimg.com/profile_banners/883069589722198018/1540737309,112143,000000,000000,000000,FALSE,TRUE,FALSE,FALSE,FALSE,FALSE,FALSE,none,congress
882958562296819714,Abigail Spanberger,SpanbergerVA07,"Glen Allen, VA",Congresswoman-Elect for Virginia's 7th District. Former CIA Officer. Girl Scout leader. #VA07 #TeamSpanberger,https://t.co/MfGpZoV7qg,FALSE,31421,477,333,2017-07-06T13:45:00Z,1672,NA,NA,TRUE,TRUE,2813,en,FALSE,FALSE,FALSE,F5F8FA,NA,NA,FALSE,http://pbs.twimg.com/profile_images/882962014657802241/xKeeXjaG_normal.jpg,https://pbs.twimg.com/profile_images/882962014657802241/xKeeXjaG_normal.jpg,https://pbs.twimg.com/profile_banners/882958562296819714/1519869344,1DA1F2,C0DEED,DDEEF6,333333,TRUE,TRUE,TRUE,FALSE,FALSE,FALSE,FALSE,none,congress
880850093548687360,Kendra Horn,HornForCongress,"Oklahoma City, OK",Kendra Horn is a 5th generation Oklahoman running for Congress in the 5th district of Oklahoma. #OK05 #FlipThe5th  https://t.co/q0e5n8wMZ2,https://t.co/q0e5n8wMZ2,FALSE,6069,2118,73,2017-06-30T18:06:42Z,1978,NA,NA,FALSE,TRUE,908,en,FALSE,FALSE,FALSE,F5F8FA,NA,NA,FALSE,http://pbs.twimg.com/profile_images/880943479853133824/Ytxy2YQQ_normal.jpg,https://pbs.twimg.com/profile_images/880943479853133824/Ytxy2YQQ_normal.jpg,https://pbs.twimg.com/profile_banners/880850093548687360/1498851490,1DA1F2,C0DEED,DDEEF6,333333,TRUE,FALSE,TRUE,FALSE,FALSE,FALSE,FALSE,none,congress
876894308309147650,Gil Cisneros,GilCisnerosCA,"Fullerton, CA","Navy Veteran, Dad, @GWtweets Grad. Lucky Guy. Education & Veterans Advocate at the Cisneros Foundation to help students achieve their dreams. Here to serve.",https://t.co/iBfnQRGjUu,FALSE,11701,4470,176,2017-06-19T20:07:49Z,628,NA,NA,TRUE,TRUE,1537,en,FALSE,FALSE,FALSE,F5F8FA,NA,NA,FALSE,http://pbs.twimg.com/profile_images/1027248468312506368/Vih5VDji_normal.jpg,https://pbs.twimg.com/profile_images/1027248468312506368/Vih5VDji_normal.jpg,https://pbs.twimg.com/profile_banners/876894308309147650/1541387750,1DA1F2,C0DEED,DDEEF6,333333,TRUE,FALSE,TRUE,FALSE,FALSE,FALSE,FALSE,none,congress
872156132688711681,Lauren Underwood,LUnderwood630,"Naperville, IL",Registered Nurse. Congresswoman-elect for the IL-14 district. Find me on Facebook at UnderwoodForCongress and on IG at laurenaunderwood,https://t.co/YhBOYrgz8w,FALSE,29849,208,379,2017-06-06T18:20:00Z,675,NA,NA,FALSE,TRUE,1405,en,FALSE,FALSE,FALSE,F5F8FA,NA,NA,FALSE,http://pbs.twimg.com/profile_images/1011824771309428736/u5KzTdsd_normal.jpg,https://pbs.twimg.com/profile_images/1011824771309428736/u5KzTdsd_normal.jpg,https://pbs.twimg.com/profile_banners/872156132688711681/1528401621,1DA1F2,C0DEED,DDEEF6,333333,TRUE,FALSE,TRUE,FALSE,FALSE,FALSE,FALSE,none,congress
867495243482058755,Cindy Axne,Axne4Congress,"West Des Moines, IA","Mother, business owner, and community activist running for Congress in #IA03   #Democrat",https://t.co/L62WVXjuPH,FALSE,11750,683,152,2017-05-24T21:39:18Z,549,NA,NA,TRUE,TRUE,974,en,FALSE,FALSE,FALSE,000000,http://abs.twimg.com/images/themes/theme1/bg.png,https://abs.twimg.com/images/themes/theme1/bg.png,FALSE,http://pbs.twimg.com/profile_images/870390072079667200/S7_-RlTS_normal.jpg,https://pbs.twimg.com/profile_images/870390072079667200/S7_-RlTS_normal.jpg,https://pbs.twimg.com/profile_banners/867495243482058755/1496379739,7FDBB6,000000,000000,000000,FALSE,FALSE,FALSE,FALSE,FALSE,FALSE,FALSE,none,congress
862393019173003264,Dr. Kim Schrier,DrKimSchrier,"Issaquah, WA",Pediatrician. Mom. Candidate for Congress in #WA08,https://t.co/4uvvBz6U7j,FALSE,9495,126,210,2017-05-10T19:44:53Z,417,NA,NA,FALSE,TRUE,632,en,FALSE,FALSE,FALSE,000000,http://abs.twimg.com/images/themes/theme1/bg.png,https://abs.twimg.com/images/themes/theme1/bg.png,FALSE,http://pbs.twimg.com/profile_images/1004536749916164096/BlVMXUS7_normal.jpg,https://pbs.twimg.com/profile_images/1004536749916164096/BlVMXUS7_normal.jpg,https://pbs.twimg.com/profile_banners/862393019173003264/1528335474,01B3E3,000000,000000,000000,FALSE,FALSE,FALSE,FALSE,FALSE,FALSE,FALSE,none,congress
860547911268139008,Elissa Slotkin,ElissaSlotkin,"Holly, MI","Proud Michigander. Congresswoman-elect #MI08. Former Acting Assistant Secretary of Defense, @WHNSC, @CIA.",https://t.co/DszuielX1k,FALSE,16711,483,210,2017-05-05T17:33:05Z,385,NA,NA,TRUE,TRUE,584,en,FALSE,FALSE,FALSE,000000,http://abs.twimg.com/images/themes/theme1/bg.png,https://abs.twimg.com/images/themes/theme1/bg.png,FALSE,http://pbs.twimg.com/profile_images/924843063335415809/HgNoT8L-_normal.jpg,https://pbs.twimg.com/profile_images/924843063335415809/HgNoT8L-_normal.jpg,https://pbs.twimg.com/profile_banners/860547911268139008/1519839246,1B95E0,000000,000000,000000,FALSE,TRUE,FALSE,FALSE,FALSE,FALSE,FALSE,none,congress
857009033882083329,Lizzie Pannill Fletcher,Lizzie4Congress,"Houston, TX",Fierce Advocate | Trusted Partner | Proud Houstonian | Running to replace John Culberson in #TX07 + #SwitchThe7th,https://t.co/sRPVXRwv9w,FALSE,11978,636,215,2017-04-25T23:10:51Z,674,NA,NA,TRUE,TRUE,1354,en,FALSE,FALSE,FALSE,000000,http://abs.twimg.com/images/themes/theme1/bg.png,https://abs.twimg.com/images/themes/theme1/bg.png,FALSE,http://pbs.twimg.com/profile_images/1013837466011238404/d6dJegcO_normal.jpg,https://pbs.twimg.com/profile_images/1013837466011238404/d6dJegcO_normal.jpg,https://pbs.twimg.com/profile_banners/857009033882083329/1513641843,1B95E0,000000,000000,000000,FALSE,FALSE,FALSE,FALSE,FALSE,FALSE,FALSE,none,congress
851477335052140544,Jason Crow,JasonCrowCO6,"Aurora, CO","Husband, father, former Army Ranger, and community leader. Running for Congress in CO-6 because we deserve a representative who will stand up for us.",https://t.co/J9PDF4haDV,FALSE,15741,239,249,2017-04-10T16:49:51Z,590,NA,NA,TRUE,TRUE,1046,en,FALSE,FALSE,FALSE,000000,http://abs.twimg.com/images/themes/theme1/bg.png,https://abs.twimg.com/images/themes/theme1/bg.png,FALSE,http://pbs.twimg.com/profile_images/859126213260054529/WN3KPGfA_normal.jpg,https://pbs.twimg.com/profile_images/859126213260054529/WN3KPGfA_normal.jpg,https://pbs.twimg.com/profile_banners/851477335052140544/1491866579,1B95E0,000000,000000,000000,FALSE,TRUE,FALSE,FALSE,FALSE,FALSE,FALSE,none,congress
847098017274613761,Chrissy Houlahan,HoulahanForPa,"Pennsylvania, USA","Air Force Veteran, business leader, educator. Daughter, wife, and mother of 2. Congresswoman-Elect for #PA06",https://t.co/QifXhlOG0R,FALSE,16100,339,253,2017-03-29T14:48:00Z,471,NA,NA,FALSE,TRUE,910,en,FALSE,FALSE,FALSE,F5F8FA,NA,NA,FALSE,http://pbs.twimg.com/profile_images/968589653786923009/_2bSw476_normal.jpg,https://pbs.twimg.com/profile_images/968589653786923009/_2bSw476_normal.jpg,https://pbs.twimg.com/profile_banners/847098017274613761/1541631997,1DA1F2,C0DEED,DDEEF6,333333,TRUE,FALSE,TRUE,FALSE,FALSE,FALSE,FALSE,none,congress
839226269627621376,Katie Hill,KatieHill4CA,"Agua Dulce, CA","Congresswoman-elect serving the Antelope, Simi and Santa Clarita Valleys in #CA25. No corporate money, no special interests. Let‚Äôs get to work.",https://t.co/if3O6DivLX,FALSE,26307,1811,349,2017-03-07T21:28:29Z,2130,NA,NA,TRUE,TRUE,2250,en,FALSE,FALSE,FALSE,000000,http://abs.twimg.com/images/themes/theme1/bg.png,https://abs.twimg.com/images/themes/theme1/bg.png,FALSE,http://pbs.twimg.com/profile_images/1010316308452265985/dmnb3_1D_normal.jpg,https://pbs.twimg.com/profile_images/1010316308452265985/dmnb3_1D_normal.jpg,https://pbs.twimg.com/profile_banners/839226269627621376/1516675720,861EBD,000000,000000,000000,FALSE,TRUE,FALSE,FALSE,FALSE,FALSE,FALSE,none,congress
829061809135030272,Antonio Delgado,DelgadoforNY19,NA,Schenectady native. Rhinebeck resident. Congressman-elect in #NY19. Working hard and showing up everywhere. Fighting for universal health care and good jobs.,https://t.co/bTcIQgpToO,FALSE,19584,1990,260,2017-02-07T20:18:33Z,873,NA,NA,TRUE,TRUE,2288,en,FALSE,FALSE,FALSE,F5F8FA,NA,NA,FALSE,http://pbs.twimg.com/profile_images/859817516041949184/iMkyEto0_normal.jpg,https://pbs.twimg.com/profile_images/859817516041949184/iMkyEto0_normal.jpg,https://pbs.twimg.com/profile_banners/829061809135030272/1542334153,1DA1F2,C0DEED,DDEEF6,333333,TRUE,TRUE,TRUE,FALSE,FALSE,FALSE,FALSE,none,congress
826589191412862976,Joe Cunningham,JoeCunninghamSC,"Charleston, SC","Congressman-Elect for SC‚Äôs 1st District. Construction attorney, ocean engineer, Dad, Husband, problem solver. #LowcountryOverParty",https://t.co/pVa5hyKt8Y,FALSE,16787,1363,193,2017-02-01T00:33:15Z,301,NA,NA,TRUE,TRUE,1436,en,FALSE,FALSE,FALSE,000000,http://abs.twimg.com/images/themes/theme1/bg.png,https://abs.twimg.com/images/themes/theme1/bg.png,FALSE,http://pbs.twimg.com/profile_images/1061759960109998080/hm4fyWtz_normal.jpg,https://pbs.twimg.com/profile_images/1061759960109998080/hm4fyWtz_normal.jpg,https://pbs.twimg.com/profile_banners/826589191412862976/1527087162,1B95E0,000000,000000,000000,FALSE,TRUE,FALSE,FALSE,FALSE,FALSE,FALSE,none,congress
818554054309715969,Rep. Jacky Rosen,RepJackyRosen,"Las Vegas, NV",Congresswoman representing Nevada's 3rd District. #ProblemSolver. Computer programmer. Former synagogue president. #NV03,https://t.co/OJw9FByyox,FALSE,12580,183,302,2017-01-09T20:24:29Z,145,NA,NA,FALSE,TRUE,2577,en,FALSE,FALSE,FALSE,F5F8FA,NA,NA,FALSE,http://pbs.twimg.com/profile_images/837772241077170177/VOpyOjAj_normal.jpg,https://pbs.twimg.com/profile_images/837772241077170177/VOpyOjAj_normal.jpg,https://pbs.twimg.com/profile_banners/818554054309715969/1484198855,1DA1F2,C0DEED,DDEEF6,333333,TRUE,FALSE,TRUE,FALSE,FALSE,FALSE,FALSE,none,congress
811239440916054016,Tom Malinowski,Malinowski,"Rocky Hill, NJ","Diplomat, father, former Assistant Secretary of State for Democracy, Human Rights and Labor. Congressman elect in New Jersey's 7th district.",https://t.co/dx5AWZRxrn,FALSE,16596,364,310,2016-12-20T15:58:49Z,882,NA,NA,FALSE,TRUE,1489,en,FALSE,FALSE,FALSE,000000,http://abs.twimg.com/images/themes/theme1/bg.png,https://abs.twimg.com/images/themes/theme1/bg.png,FALSE,http://pbs.twimg.com/profile_images/943502582416379904/bb4np4WL_normal.jpg,https://pbs.twimg.com/profile_images/943502582416379904/bb4np4WL_normal.jpg,https://pbs.twimg.com/profile_banners/811239440916054016/1513990025,19CF86,000000,000000,000000,FALSE,TRUE,FALSE,FALSE,FALSE,FALSE,FALSE,none,congress
750046943905058816,Debbie Mucarsel-Powell,DebbieforFL,"Miami, FL",First-generation American. Latina. Mother. Former Associate Dean at Florida International University. Community Leader. Democrat. Congresswoman-elect #FL26.,https://t.co/qKiOskpdQi,FALSE,9238,619,209,2016-07-04T19:21:41Z,3283,NA,NA,TRUE,TRUE,1625,en,FALSE,FALSE,FALSE,F5F8FA,NA,NA,FALSE,http://pbs.twimg.com/profile_images/892139429103415296/7Us2fIoK_normal.jpg,https://pbs.twimg.com/profile_images/892139429103415296/7Us2fIoK_normal.jpg,https://pbs.twimg.com/profile_banners/750046943905058816/1501568590,1DA1F2,C0DEED,DDEEF6,333333,TRUE,TRUE,TRUE,FALSE,FALSE,FALSE,FALSE,none,congress
737719829579345920,Donna E. Shalala,DonnaShalala,NA,"Congresswoman-elect for the people of #FL27, Former Prez of @Univmiami üôåüèº, Sec. of @HHSgov, & @PeaceCorps volunteer",https://t.co/sT8Rtc5Iuw,FALSE,17520,350,200,2016-05-31T18:58:08Z,404,NA,NA,TRUE,TRUE,1165,en,FALSE,FALSE,FALSE,F5F8FA,NA,NA,FALSE,http://pbs.twimg.com/profile_images/746365948693733376/WNK-sX2a_normal.jpg,https://pbs.twimg.com/profile_images/746365948693733376/WNK-sX2a_normal.jpg,https://pbs.twimg.com/profile_banners/737719829579345920/1495466409,1DA1F2,C0DEED,DDEEF6,333333,TRUE,FALSE,TRUE,FALSE,FALSE,FALSE,FALSE,none,congress
4851790919,David Trone,davidjtrone,"Potomac, MD","Owner @TotalWine, Progressive Democrat, Husband, Father, Candidate for Congress in Maryland's 6th District. E-mail: david at https://t.co/JWJn4cWCsV",https://t.co/JWJn4cWCsV,FALSE,8083,618,79,2016-01-27T01:12:55Z,459,NA,NA,TRUE,TRUE,1289,en,FALSE,FALSE,FALSE,F5F8FA,NA,NA,FALSE,http://pbs.twimg.com/profile_images/981180269695787008/52cxFfMx_normal.jpg,https://pbs.twimg.com/profile_images/981180269695787008/52cxFfMx_normal.jpg,https://pbs.twimg.com/profile_banners/4851790919/1501870621,1DA1F2,C0DEED,DDEEF6,333333,TRUE,TRUE,TRUE,FALSE,FALSE,FALSE,FALSE,none,congress
4749863113,Jacky Rosen,RosenforNevada,"Henderson, NV",Campaign account for U.S. Senator-elect Jacky Rosen. Ready to fight for Nevada's hardworking families.,https://t.co/rPM1vxxJFb,FALSE,36457,597,429,2016-01-12T20:33:06Z,165,NA,NA,FALSE,TRUE,2176,en,FALSE,FALSE,FALSE,F5F8FA,NA,NA,FALSE,http://pbs.twimg.com/profile_images/988891773349982208/LL_DHO23_normal.jpg,https://pbs.twimg.com/profile_images/988891773349982208/LL_DHO23_normal.jpg,https://pbs.twimg.com/profile_banners/4749863113/1499346212,1DA1F2,C0DEED,DDEEF6,333333,TRUE,TRUE,TRUE,FALSE,FALSE,FALSE,FALSE,none,congress
3420965229,Greg Gianforte,GregForMontana,NA,NA,https://t.co/6hk2YnZlxH,FALSE,8443,1212,161,2015-08-13T21:38:42Z,23,NA,NA,FALSE,TRUE,1231,en,FALSE,FALSE,FALSE,C0DEED,http://abs.twimg.com/images/themes/theme1/bg.png,https://abs.twimg.com/images/themes/theme1/bg.png,FALSE,http://pbs.twimg.com/profile_images/865207272485539840/UGzHueCX_normal.jpg,https://pbs.twimg.com/profile_images/865207272485539840/UGzHueCX_normal.jpg,https://pbs.twimg.com/profile_banners/3420965229/1541616256,1DA1F2,C0DEED,DDEEF6,333333,TRUE,FALSE,TRUE,FALSE,FALSE,FALSE,FALSE,none,congress
2847603597,Jesus Chuy Garcia,ChuyForCongress,"Chicago, IL","Dad, Progressive Chicagoan, Retired Marathoner, and Congressman-elect #IL04",https://t.co/8STe62mvQS,FALSE,12757,711,244,2014-10-28T02:20:00Z,1058,NA,NA,TRUE,TRUE,1808,en,FALSE,FALSE,FALSE,000000,http://abs.twimg.com/images/themes/theme1/bg.png,https://abs.twimg.com/images/themes/theme1/bg.png,FALSE,http://pbs.twimg.com/profile_images/966109526767357952/JJGzQNd2_normal.jpg,https://pbs.twimg.com/profile_images/966109526767357952/JJGzQNd2_normal.jpg,https://pbs.twimg.com/profile_banners/2847603597/1519173516,89C9FA,000000,000000,000000,FALSE,TRUE,FALSE,FALSE,FALSE,FALSE,FALSE,none,congress
2352629311,Josh Hawley,HawleyMO,"Missouri, USA","Constitutional lawyer, husband to Erin, Dad to Elijah and Blaise, Missouri A.G. and US Senator-elect",https://t.co/rJtdXKw4ol,FALSE,24162,1121,333,2014-02-20T03:13:57Z,356,NA,NA,FALSE,TRUE,2489,en,FALSE,FALSE,FALSE,C0DEED,http://abs.twimg.com/images/themes/theme1/bg.png,https://abs.twimg.com/images/themes/theme1/bg.png,FALSE,http://pbs.twimg.com/profile_images/911669047091118080/TyUELgxL_normal.jpg,https://pbs.twimg.com/profile_images/911669047091118080/TyUELgxL_normal.jpg,https://pbs.twimg.com/profile_banners/2352629311/1533730374,111F35,FFFFFF,DDEEF6,333333,TRUE,FALSE,FALSE,FALSE,FALSE,FALSE,FALSE,none,congress
2212905492,Jennifer Wexton,JenniferWexton,"Leesburg, VA",Campaign account for Congresswoman-elect Jennifer Wexton in #VA10.,https://t.co/S9LraqZK1g,FALSE,19126,465,329,2013-11-24T18:38:14Z,2442,NA,NA,TRUE,TRUE,3014,en,FALSE,FALSE,FALSE,C0DEED,http://abs.twimg.com/images/themes/theme1/bg.png,https://abs.twimg.com/images/themes/theme1/bg.png,FALSE,http://pbs.twimg.com/profile_images/1017198966792966144/QMsPzuT8_normal.jpg,https://pbs.twimg.com/profile_images/1017198966792966144/QMsPzuT8_normal.jpg,https://pbs.twimg.com/profile_banners/2212905492/1541773398,1DA1F2,C0DEED,DDEEF6,333333,TRUE,TRUE,TRUE,FALSE,FALSE,FALSE,FALSE,none,congress
1884515737,Mark Harris,MarkHarrisNC9,"Charlotte, North Carolina",NC 9th district candidate for Congress promoting conservative values in government,https://t.co/FjC3ZH5kST,FALSE,6148,480,116,2013-09-19T21:44:36Z,772,NA,NA,FALSE,TRUE,980,en,FALSE,FALSE,FALSE,0056A1,http://abs.twimg.com/images/themes/theme15/bg.png,https://abs.twimg.com/images/themes/theme15/bg.png,FALSE,http://pbs.twimg.com/profile_images/1044633020102311936/j7FqiSRv_normal.jpg,https://pbs.twimg.com/profile_images/1044633020102311936/j7FqiSRv_normal.jpg,https://pbs.twimg.com/profile_banners/1884515737/1537894969,0084B4,FFFFFF,C0DFEC,333333,TRUE,FALSE,FALSE,FALSE,FALSE,FALSE,FALSE,none,congress
1861019372,Mike Braun,braun4indiana,"Jasper, IN","Mike Braun, a lifelong resident of Jasper, Indiana, is a conservative businessman and Senator-elect from Indiana. #IBackBraun",https://t.co/Ibyjih9OTm,FALSE,17381,30,184,2013-09-13T16:01:50Z,18,NA,NA,TRUE,TRUE,579,en,FALSE,FALSE,FALSE,C0DEED,http://abs.twimg.com/images/themes/theme1/bg.png,https://abs.twimg.com/images/themes/theme1/bg.png,FALSE,http://pbs.twimg.com/profile_images/927519119938686978/G-FNwpJ6_normal.jpg,https://pbs.twimg.com/profile_images/927519119938686978/G-FNwpJ6_normal.jpg,https://pbs.twimg.com/profile_banners/1861019372/1509972756,1DA1F2,C0DEED,DDEEF6,333333,TRUE,FALSE,TRUE,FALSE,FALSE,FALSE,FALSE,none,congress
1577754348,Mikie Sherrill,MikieSherrill,NA,"Naval Academy graduate, Navy Pilot and former federal prosecutor. Congresswoman-elect for NJ's 11th District #NJ11",https://t.co/28IumdrPJY,FALSE,25088,358,299,2013-07-08T14:13:48Z,551,NA,NA,TRUE,TRUE,1593,en,FALSE,FALSE,FALSE,C0DEED,http://abs.twimg.com/images/themes/theme1/bg.png,https://abs.twimg.com/images/themes/theme1/bg.png,FALSE,http://pbs.twimg.com/profile_images/907359846734934016/tGr2VS19_normal.jpg,https://pbs.twimg.com/profile_images/907359846734934016/tGr2VS19_normal.jpg,https://pbs.twimg.com/profile_banners/1577754348/1505166403,1DA1F2,C0DEED,DDEEF6,333333,TRUE,TRUE,TRUE,FALSE,FALSE,FALSE,FALSE,none,congress
1542372750,Joe Neguse,JoeNeguse,"Lafayette, CO","Congressman-Elect, Colorado's 2nd District | Father, husband, attorney & first-generation American | Former @CUBoulder Regent & co-founder @neweracolorado",https://t.co/tPI2dB9H1e,FALSE,8411,589,134,2013-06-24T03:30:41Z,1071,NA,NA,TRUE,TRUE,643,en,FALSE,FALSE,FALSE,C0DEED,http://abs.twimg.com/images/themes/theme1/bg.png,https://abs.twimg.com/images/themes/theme1/bg.png,FALSE,http://pbs.twimg.com/profile_images/895117724141015040/3QQbZ8LM_normal.jpg,https://pbs.twimg.com/profile_images/895117724141015040/3QQbZ8LM_normal.jpg,https://pbs.twimg.com/profile_banners/1542372750/1541740443,1DA1F2,C0DEED,DDEEF6,333333,TRUE,TRUE,TRUE,FALSE,FALSE,FALSE,FALSE,none,congress
1262017122,Abby Finkenauer,Abby4Iowa,"Dubuque, IA",Congresswoman-elect #IA01 former State Rep for IA House District 99. Paid for by Finkenauer For Congress.,https://t.co/E9Q9RBGkg1,FALSE,13517,494,252,2013-03-12T13:51:32Z,1553,NA,NA,TRUE,TRUE,2216,en,FALSE,FALSE,FALSE,26A2E0,http://abs.twimg.com/images/themes/theme1/bg.png,https://abs.twimg.com/images/themes/theme1/bg.png,TRUE,http://pbs.twimg.com/profile_images/850417126745661440/xPDV1BKB_normal.jpg,https://pbs.twimg.com/profile_images/850417126745661440/xPDV1BKB_normal.jpg,https://pbs.twimg.com/profile_banners/1262017122/1493815670,0084B4,FFFFFF,DDEEF6,333333,FALSE,FALSE,FALSE,FALSE,FALSE,FALSE,FALSE,none,congress
1257667158,Chip Roy,chiproytx,"Austin, Texas","Husband, father, cancer survivor, Congressman-elect from the Great State of Texas. Freedom works. https://t.co/1JZa4Av6WU",NA,FALSE,7698,659,179,2013-03-10T18:36:29Z,9074,NA,NA,FALSE,TRUE,16970,en,FALSE,FALSE,FALSE,C0DEED,http://abs.twimg.com/images/themes/theme1/bg.png,https://abs.twimg.com/images/themes/theme1/bg.png,FALSE,http://pbs.twimg.com/profile_images/1067414842867367937/mhwAN0Mg_normal.jpg,https://pbs.twimg.com/profile_images/1067414842867367937/mhwAN0Mg_normal.jpg,https://pbs.twimg.com/profile_banners/1257667158/1541636171,1DA1F2,C0DEED,DDEEF6,333333,TRUE,FALSE,TRUE,FALSE,FALSE,FALSE,FALSE,none,congress
1080844782,Kyrsten Sinema,RepSinema,NA,"Official Twitter feed of U.S. Congresswoman Kyrsten Sinema, serving Arizona's 9th District.",https://t.co/49vmMWoGCZ,FALSE,51441,740,1134,2013-01-11T20:31:03Z,10,NA,NA,TRUE,TRUE,11310,en,FALSE,FALSE,FALSE,131516,http://abs.twimg.com/images/themes/theme14/bg.gif,https://abs.twimg.com/images/themes/theme14/bg.gif,FALSE,http://pbs.twimg.com/profile_images/1034130772406353921/X0F2Al0E_normal.jpg,https://pbs.twimg.com/profile_images/1034130772406353921/X0F2Al0E_normal.jpg,https://pbs.twimg.com/profile_banners/1080844782/1450970481,009999,000000,EFEFEF,333333,TRUE,TRUE,FALSE,FALSE,FALSE,FALSE,FALSE,none,congress
915831762,Anthony Brindisi,ABrindisiNY,"Utica, NY",Dad. Husband. Assemblyman. Proven problem solver & independent voice for the working families of Upstate New York. Candidate for Congress in NY‚Äôs 22nd District.,https://t.co/IQvp0iIrLv,FALSE,10790,1900,233,2012-10-31T00:54:36Z,5301,NA,NA,TRUE,TRUE,4684,en,FALSE,FALSE,FALSE,C0DEED,http://abs.twimg.com/images/themes/theme1/bg.png,https://abs.twimg.com/images/themes/theme1/bg.png,FALSE,http://pbs.twimg.com/profile_images/918179675133874182/uQ-BuHpv_normal.jpg,https://pbs.twimg.com/profile_images/918179675133874182/uQ-BuHpv_normal.jpg,https://pbs.twimg.com/profile_banners/915831762/1498790283,ABB8C2,FFFFFF,DDEEF6,333333,TRUE,TRUE,FALSE,FALSE,FALSE,FALSE,FALSE,none,congress
833673914,Michael Waltz,michaelgwaltz,"Florida, USA","Candidate for Congress FL-6; Green Beret; Author, ""Warrior Diplomat""; Fmr FOX News Contributor; Chairman - Metis Solutions; Sr. Fellow at FDD; FL Native; Father",https://t.co/NskWDQkjUy,FALSE,19659,7795,146,2012-09-19T16:23:47Z,1725,NA,NA,TRUE,TRUE,4509,en,FALSE,FALSE,FALSE,C0DEED,http://abs.twimg.com/images/themes/theme1/bg.png,https://abs.twimg.com/images/themes/theme1/bg.png,FALSE,http://pbs.twimg.com/profile_images/955590076838436864/IV_fEXud_normal.jpg,https://pbs.twimg.com/profile_images/955590076838436864/IV_fEXud_normal.jpg,https://pbs.twimg.com/profile_banners/833673914/1516661799,1DA1F2,C0DEED,DDEEF6,333333,TRUE,FALSE,TRUE,FALSE,FALSE,FALSE,FALSE,none,congress
783792992,Ilhan Omar,IlhanMN,Minneapolis,"Mom, Refugee, Intersectional Feminist, 2017 Top Angler of the Governor's Fishing Opener and Representative-Elect for #MN05",https://t.co/GpQErcEp3y,FALSE,229517,1097,1245,2012-08-27T04:21:41Z,14262,NA,NA,TRUE,TRUE,9830,en,FALSE,FALSE,FALSE,C0DEED,http://abs.twimg.com/images/themes/theme1/bg.png,https://abs.twimg.com/images/themes/theme1/bg.png,FALSE,http://pbs.twimg.com/profile_images/1064665266435559424/wZtYO03x_normal.jpg,https://pbs.twimg.com/profile_images/1064665266435559424/wZtYO03x_normal.jpg,https://pbs.twimg.com/profile_banners/783792992/1534782985,1DA1F2,C0DEED,DDEEF6,333333,TRUE,TRUE,TRUE,FALSE,FALSE,FALSE,FALSE,none,congress
603083228,Troy Balderson,Troy_Balderson,"Zanesville, Ohio",Representing #OH12 in Congress | It‚Äôs not about politics; it‚Äôs about getting the job done,https://t.co/20I7ZUjyZs,FALSE,9086,553,185,2012-06-08T21:37:56Z,559,NA,NA,TRUE,TRUE,1656,en,FALSE,FALSE,FALSE,03283B,http://abs.twimg.com/images/themes/theme1/bg.png,https://abs.twimg.com/images/themes/theme1/bg.png,FALSE,http://pbs.twimg.com/profile_images/1012059167706767362/B9De3PHs_normal.jpg,https://pbs.twimg.com/profile_images/1012059167706767362/B9De3PHs_normal.jpg,https://pbs.twimg.com/profile_banners/603083228/1539636470,0084B4,C0DEED,DDEEF6,333333,FALSE,FALSE,FALSE,FALSE,FALSE,FALSE,FALSE,none,congress
602919981,Susie Lee,SusieLeeNV,NA,Candidate for Congress. #NV03. Education Advocate. Community Leader. Board President of Communities In Schools of Nevada. Wife and mother of 2 awesome kids.,https://t.co/AZhRjbkHOf,FALSE,5471,865,157,2012-06-08T15:21:57Z,2232,NA,NA,TRUE,TRUE,2037,en,FALSE,FALSE,FALSE,C0DEED,http://abs.twimg.com/images/themes/theme1/bg.png,https://abs.twimg.com/images/themes/theme1/bg.png,FALSE,http://pbs.twimg.com/profile_images/908310990034427906/EOX3pixB_normal.jpg,https://pbs.twimg.com/profile_images/908310990034427906/EOX3pixB_normal.jpg,https://pbs.twimg.com/profile_banners/602919981/1505394914,1DA1F2,C0DEED,DDEEF6,333333,TRUE,FALSE,TRUE,FALSE,FALSE,FALSE,FALSE,none,congress
574799823,Chris Pappas,ChrisPappasNH,"Manchester, NH","Congressman-elect in New Hampshire's 1st District | Life-long Manchester Resident, Restaurant Owner, and Executive Councilor for District 4 | #NH01",https://t.co/ajkmDFbvZD,FALSE,9734,427,155,2012-05-08T19:11:57Z,661,NA,NA,TRUE,TRUE,2717,en,FALSE,FALSE,FALSE,C0DEED,http://abs.twimg.com/images/themes/theme1/bg.png,https://abs.twimg.com/images/themes/theme1/bg.png,TRUE,http://pbs.twimg.com/profile_images/795466553022148608/16AdH0Sq_normal.jpg,https://pbs.twimg.com/profile_images/795466553022148608/16AdH0Sq_normal.jpg,https://pbs.twimg.com/profile_banners/574799823/1536858518,0084B4,FFFFFF,DDEEF6,333333,TRUE,FALSE,FALSE,FALSE,FALSE,FALSE,FALSE,none,congress
438665212,Josh Harder,joshua_harder,"Turlock, CA",Turlock Native. Teacher at Modesto Junior College. Businessman. Congressman-Elect (CA-10).,https://t.co/Tu6icMnPKL,FALSE,9759,219,221,2011-12-16T21:32:56Z,802,NA,NA,TRUE,TRUE,824,en,FALSE,FALSE,FALSE,C0DEED,http://abs.twimg.com/images/themes/theme1/bg.png,https://abs.twimg.com/images/themes/theme1/bg.png,FALSE,http://pbs.twimg.com/profile_images/1006930366903406594/JzkSO1TQ_normal.jpg,https://pbs.twimg.com/profile_images/1006930366903406594/JzkSO1TQ_normal.jpg,https://pbs.twimg.com/profile_banners/438665212/1492753253,1DA1F2,C0DEED,DDEEF6,333333,TRUE,TRUE,TRUE,FALSE,FALSE,FALSE,FALSE,none,congress
435331179,Rashida Tlaib,RashidaTlaib,"Detroit, MI","Unbossed Congresswoman for  Michigan's #13districtstrong 

Mama working for justice, social worker at heart, Detroiter, Palestinian American, proud Muslima.",https://t.co/1CZT2SJZ8K,FALSE,88153,2395,655,2011-12-12T23:07:37Z,5520,NA,NA,FALSE,TRUE,9233,en,FALSE,FALSE,FALSE,EBC5C5,http://abs.twimg.com/images/themes/theme2/bg.gif,https://abs.twimg.com/images/themes/theme2/bg.gif,TRUE,http://pbs.twimg.com/profile_images/1016708025418240001/HC2KSgAT_normal.jpg,https://pbs.twimg.com/profile_images/1016708025418240001/HC2KSgAT_normal.jpg,https://pbs.twimg.com/profile_banners/435331179/1542835906,1F98C7,000000,DAECF4,663B12,TRUE,FALSE,FALSE,FALSE,FALSE,FALSE,FALSE,none,congress
427872569,Xochitl Torres Small,XochforCongress,"Las Cruces, NM","Congresswoman-Elect, New Mexico's 2nd Congressional District",https://t.co/9bj5norLiJ,FALSE,7346,343,170,2011-12-04T02:33:05Z,184,NA,NA,FALSE,TRUE,301,en,FALSE,FALSE,FALSE,C0DEED,http://abs.twimg.com/images/themes/theme1/bg.png,https://abs.twimg.com/images/themes/theme1/bg.png,FALSE,http://pbs.twimg.com/profile_images/1014950949347979264/ZYCj743P_normal.jpg,https://pbs.twimg.com/profile_images/1014950949347979264/ZYCj743P_normal.jpg,https://pbs.twimg.com/profile_banners/427872569/1534906895,1DA1F2,C0DEED,DDEEF6,333333,TRUE,FALSE,TRUE,FALSE,FALSE,FALSE,FALSE,none,congress
411861905,Angie Craig,AngieCraigMN,NA,"Mother to 4 boys. Wife. Congresswoman-elect in #MN02. Grey‚Äôs Anatomy, country music, Lynx fan.",https://t.co/Ip24T6iKTv,FALSE,14528,325,243,2011-11-14T00:01:21Z,431,NA,NA,TRUE,TRUE,1476,en,FALSE,FALSE,FALSE,C0DEED,http://abs.twimg.com/images/themes/theme1/bg.png,https://abs.twimg.com/images/themes/theme1/bg.png,FALSE,http://pbs.twimg.com/profile_images/992122525269147648/xgLb9bOC_normal.jpg,https://pbs.twimg.com/profile_images/992122525269147648/xgLb9bOC_normal.jpg,https://pbs.twimg.com/profile_banners/411861905/1531448165,1DA1F2,C0DEED,DDEEF6,333333,TRUE,FALSE,TRUE,FALSE,FALSE,FALSE,FALSE,none,congress
391445643,Haley Stevens,HaleyLive,"Rochester Hills, MI",Congresswoman-elect in Michigan‚Äôs 11th district. Millennial. Woman in manufacturing. Auto rescue. Passionate advocate. Ready to work for you!,https://t.co/suqzuCYT2b,FALSE,11566,2333,289,2011-10-15T15:40:39Z,29726,NA,NA,TRUE,TRUE,10426,en,FALSE,FALSE,FALSE,000000,http://abs.twimg.com/images/themes/theme13/bg.gif,https://abs.twimg.com/images/themes/theme13/bg.gif,FALSE,http://pbs.twimg.com/profile_images/1063768856144039937/M3RcftB7_normal.jpg,https://pbs.twimg.com/profile_images/1063768856144039937/M3RcftB7_normal.jpg,https://pbs.twimg.com/profile_banners/391445643/1521847982,ABB8C2,000000,000000,000000,FALSE,TRUE,FALSE,FALSE,FALSE,FALSE,FALSE,none,congress
353890966,Tim Burchett,timburchett,"Knox County, Tennessee",#TN02 Representative-elect. Former @KnoxGov Mayor. Former state legislator. Fiscally conservative Republican. Married to Kelly. Father to Isabel.,NA,FALSE,23809,1437,202,2011-08-12T20:08:19Z,1529,NA,NA,TRUE,TRUE,13654,en,FALSE,FALSE,FALSE,C0DEED,http://abs.twimg.com/images/themes/theme1/bg.png,https://abs.twimg.com/images/themes/theme1/bg.png,FALSE,http://pbs.twimg.com/profile_images/565504168186503169/pZW_KXun_normal.jpeg,https://pbs.twimg.com/profile_images/565504168186503169/pZW_KXun_normal.jpeg,https://pbs.twimg.com/profile_banners/353890966/1537729276,1DA1F2,C0DEED,DDEEF6,333333,TRUE,TRUE,TRUE,FALSE,FALSE,FALSE,FALSE,none,congress
346964561,Colin Allred,ColinAllredTX,"Dallas, TX","Civil rights attorney ‚Ä¢ Former @HUDgov official ‚Ä¢ Former @NFL linebacker ‚Ä¢ Congressman-elect in #TX32, where I was born and raised",https://t.co/5Q58mppL8i,FALSE,17954,1371,244,2011-08-02T02:56:31Z,3134,NA,NA,TRUE,TRUE,2359,en,FALSE,FALSE,FALSE,131516,http://abs.twimg.com/images/themes/theme1/bg.png,https://abs.twimg.com/images/themes/theme1/bg.png,TRUE,http://pbs.twimg.com/profile_images/1009511710221262848/flU2Z8Sa_normal.jpg,https://pbs.twimg.com/profile_images/1009511710221262848/flU2Z8Sa_normal.jpg,https://pbs.twimg.com/profile_banners/346964561/1529521516,012352,FFFFFF,DDEEF6,333333,TRUE,TRUE,FALSE,FALSE,FALSE,FALSE,FALSE,none,congress
306389855,Rick Scott,ScottforFlorida,Florida,"Senator-elect from Florida, Grandpa, Father, Husband, 45th Governor of Florida, Navy Vet, Businessman. #LetsGetToWork",https://t.co/I5Lu7m3SD3,FALSE,77644,12,805,2011-05-27T20:03:02Z,12,NA,NA,TRUE,TRUE,4783,en,FALSE,FALSE,FALSE,DBECFF,http://abs.twimg.com/images/themes/theme1/bg.png,https://abs.twimg.com/images/themes/theme1/bg.png,FALSE,http://pbs.twimg.com/profile_images/977200220789452800/RqWfa-YA_normal.jpg,https://pbs.twimg.com/profile_images/977200220789452800/RqWfa-YA_normal.jpg,https://pbs.twimg.com/profile_banners/306389855/1521817685,5D8CB5,FFFFFF,DDEEF6,333333,TRUE,FALSE,FALSE,FALSE,FALSE,FALSE,FALSE,none,congress
286476728,Deb Haaland,Deb4CongressNM,Albuquerque,Congresswoman-Elect for NM CD1. Former Dem Party Chair. Proud UNM Lobo mom. Pueblo woman. Marathon runner. Gourmet cook.,https://t.co/E2cPSpLxMP,FALSE,35736,2106,391,2011-04-23T02:39:36Z,9082,NA,NA,TRUE,TRUE,10530,en,FALSE,FALSE,FALSE,642D8B,http://abs.twimg.com/images/themes/theme10/bg.gif,https://abs.twimg.com/images/themes/theme10/bg.gif,TRUE,http://pbs.twimg.com/profile_images/1049366821432745989/A3wr5AA1_normal.jpg,https://pbs.twimg.com/profile_images/1049366821432745989/A3wr5AA1_normal.jpg,https://pbs.twimg.com/profile_banners/286476728/1541523538,369896,FFFFFF,7AC3EE,3D1957,TRUE,FALSE,FALSE,FALSE,FALSE,FALSE,FALSE,none,congress
278145569,Marsha Blackburn,MarshaBlackburn,"Brentwood, TN",I am honored to serve the people of Tennessee.,http://t.co/uIRgQmKWY5,FALSE,71698,2613,1630,2011-04-06T18:05:33Z,471,NA,NA,TRUE,TRUE,6118,en,FALSE,FALSE,FALSE,C0DEED,http://abs.twimg.com/images/themes/theme1/bg.png,https://abs.twimg.com/images/themes/theme1/bg.png,TRUE,http://pbs.twimg.com/profile_images/1302245568/Twitter_profile_normal.JPG,https://pbs.twimg.com/profile_images/1302245568/Twitter_profile_normal.JPG,NA,0084B4,FFFFFF,DDEEF6,333333,TRUE,FALSE,FALSE,FALSE,FALSE,FALSE,FALSE,none,congress
272004287,Ann Kirkpatrick,Ann_Kirkpatrick,"Tucson, AZ","Proud lifelong Arizonan, former prosecutor & congresswoman, independent voice for working Arizona families, mother, & candidate for Congress in #AZ02. Join me!",https://t.co/yWqhszzDQj,FALSE,9506,1200,404,2011-03-25T16:32:15Z,312,NA,NA,TRUE,TRUE,868,en,FALSE,FALSE,FALSE,FFFFFF,http://abs.twimg.com/images/themes/theme1/bg.png,https://abs.twimg.com/images/themes/theme1/bg.png,FALSE,http://pbs.twimg.com/profile_images/1041477621907841025/JKRNoDUH_normal.jpg,https://pbs.twimg.com/profile_images/1041477621907841025/JKRNoDUH_normal.jpg,https://pbs.twimg.com/profile_banners/272004287/1531350933,0084B4,000000,FCFDFE,333333,TRUE,FALSE,FALSE,FALSE,FALSE,FALSE,FALSE,none,congress
246478393,Steven Horsford,StevenHorsford,"Las Vegas, NV",Congressman-Elect from Nevada's Fourth District | Former Member of Congress | Proud father of three with @SonyaHorsford | Las Vegas #Nevada Native,https://t.co/vJ5NVNmLs8,FALSE,8000,5027,240,2011-02-02T21:26:52Z,1011,NA,NA,TRUE,TRUE,2552,en,FALSE,FALSE,FALSE,C0DEED,http://abs.twimg.com/images/themes/theme1/bg.png,https://abs.twimg.com/images/themes/theme1/bg.png,FALSE,http://pbs.twimg.com/profile_images/941367429200011264/hLR6Tno4_normal.jpg,https://pbs.twimg.com/profile_images/941367429200011264/hLR6Tno4_normal.jpg,https://pbs.twimg.com/profile_banners/246478393/1516907450,1DA1F2,C0DEED,DDEEF6,333333,TRUE,TRUE,TRUE,FALSE,FALSE,FALSE,FALSE,none,congress
218292287,Greg Stanton,gregstantonaz,"Phoenix, AZ",Dad. Husband. Former Phoenix Mayor. Rep-Elect for Arizona's 9th Congressional District. https://t.co/ZFQdugMLWT / https://t.co/hKo3XcqVsD,https://t.co/l0nmASxjUl,FALSE,64844,2657,627,2010-11-21T23:15:19Z,1565,NA,NA,TRUE,TRUE,7067,en,FALSE,FALSE,FALSE,C0DEED,http://abs.twimg.com/images/themes/theme1/bg.png,https://abs.twimg.com/images/themes/theme1/bg.png,FALSE,http://pbs.twimg.com/profile_images/898258731065942016/NUD7EQur_normal.jpg,https://pbs.twimg.com/profile_images/898258731065942016/NUD7EQur_normal.jpg,https://pbs.twimg.com/profile_banners/218292287/1539452571,0084B4,FFFFFF,DDEEF6,333333,TRUE,TRUE,FALSE,FALSE,FALSE,FALSE,FALSE,none,congress
138203134,Alexandria Ocasio-Cortez,Ocasio2018,"Bronx + Queens, NYC","Congressmember-Elect, NY-14: Bronx + Queens. 100% People-Funded, No Corporate Money. Support the movement: https://t.co/3vr38eqPRQ",https://t.co/WkxIUgr9EX,FALSE,1403694,1295,5146,2010-04-28T22:38:40Z,9209,NA,NA,FALSE,TRUE,6141,en,FALSE,FALSE,FALSE,000000,http://abs.twimg.com/images/themes/theme1/bg.png,https://abs.twimg.com/images/themes/theme1/bg.png,FALSE,http://pbs.twimg.com/profile_images/923274881197895680/AbHcStkl_normal.jpg,https://pbs.twimg.com/profile_images/923274881197895680/AbHcStkl_normal.jpg,https://pbs.twimg.com/profile_banners/138203134/1511815660,1B95E0,000000,000000,000000,FALSE,TRUE,FALSE,FALSE,FALSE,FALSE,FALSE,none,congress
93412074,Mark E. Green MD,DrMarkGreen4TN,"Clarksville, Tennessee","Husband, Father, Former US Army Special Ops, Flight Surgeon, CEO. Congressman-elect (TN-7). Paid for by Mark Green for Congress.",https://t.co/LKiqlk8eTU,FALSE,10062,6852,222,2009-11-29T14:42:35Z,463,NA,NA,FALSE,TRUE,1285,en,FALSE,FALSE,FALSE,3D32D1,http://abs.twimg.com/images/themes/theme6/bg.gif,https://abs.twimg.com/images/themes/theme6/bg.gif,TRUE,http://pbs.twimg.com/profile_images/917100951516909568/y1mRgl0Z_normal.jpg,https://pbs.twimg.com/profile_images/917100951516909568/y1mRgl0Z_normal.jpg,https://pbs.twimg.com/profile_banners/93412074/1503537706,1F5FB8,FFFFFF,A0C5C7,3D363D,TRUE,FALSE,FALSE,FALSE,FALSE,FALSE,FALSE,none,congress
66804351,Sean Casten,SeanCasten,"Downers Grove, IL","After years fighting climate change as an entrepreneur, I'm now determined to fight it as the next member of Congress from #IL06.",https://t.co/xZbiTOPqR6,FALSE,11951,449,253,2009-08-18T21:17:08Z,1632,NA,NA,FALSE,TRUE,10004,en,FALSE,FALSE,FALSE,C0DEED,http://abs.twimg.com/images/themes/theme1/bg.png,https://abs.twimg.com/images/themes/theme1/bg.png,FALSE,http://pbs.twimg.com/profile_images/894295592523907072/jxX7kiDp_normal.jpg,https://pbs.twimg.com/profile_images/894295592523907072/jxX7kiDp_normal.jpg,https://pbs.twimg.com/profile_banners/66804351/1502144111,1DA1F2,C0DEED,DDEEF6,333333,TRUE,FALSE,TRUE,FALSE,FALSE,FALSE,FALSE,none,congress
63150856,Marsha Blackburn,VoteMarsha,"Tennessee, USA","Wife, mother of two, Marshie to my grand kids. The first female Senator-Elect from the great state of Tennessee.          Snap: teammarsha ‚Ä¢ Insta: team.marsha",https://t.co/1y6JSRDk0T,FALSE,36967,3163,822,2009-08-05T14:44:11Z,471,NA,NA,TRUE,TRUE,5654,en,FALSE,FALSE,FALSE,EBEBEB,http://abs.twimg.com/images/themes/theme1/bg.png,https://abs.twimg.com/images/themes/theme1/bg.png,FALSE,http://pbs.twimg.com/profile_images/1060303815998664706/nNojD2QE_normal.jpg,https://pbs.twimg.com/profile_images/1060303815998664706/nNojD2QE_normal.jpg,https://pbs.twimg.com/profile_banners/63150856/1541622618,990000,FFFFFF,F3F3F3,333333,TRUE,FALSE,FALSE,FALSE,FALSE,FALSE,FALSE,none,congress
50055701,Mitt Romney,MittRomney,"Holladay, UT",Senator-elect from Utah.,https://t.co/DUwhifbm63,FALSE,1977237,308,14936,2009-06-23T18:24:04Z,7,NA,NA,TRUE,TRUE,1758,en,FALSE,FALSE,FALSE,003366,http://abs.twimg.com/images/themes/theme1/bg.png,https://abs.twimg.com/images/themes/theme1/bg.png,FALSE,http://pbs.twimg.com/profile_images/964489716622966784/xbtCe2td_normal.jpg,https://pbs.twimg.com/profile_images/964489716622966784/xbtCe2td_normal.jpg,https://pbs.twimg.com/profile_banners/50055701/1518787269,FD0000,FFFFFF,B6E5F9,000000,TRUE,FALSE,FALSE,FALSE,FALSE,FALSE,FALSE,none,congress
48255275,Ben McAdams,BenMcAdams,"Salt Lake City, UT",Salt Lake County Mayor and candidate for U.S. Congress. Learn more and donate at https://t.co/DsePrLnXBp.,https://t.co/UINgwPUnjL,FALSE,13361,3272,309,2009-06-18T05:15:10Z,3252,NA,NA,FALSE,TRUE,1522,en,FALSE,FALSE,FALSE,131516,http://abs.twimg.com/images/themes/theme14/bg.gif,https://abs.twimg.com/images/themes/theme14/bg.gif,TRUE,http://pbs.twimg.com/profile_images/344513261582283151/9dc94738e79a6bd8c03d46d42846c09a_normal.jpeg,https://pbs.twimg.com/profile_images/344513261582283151/9dc94738e79a6bd8c03d46d42846c09a_normal.jpeg,https://pbs.twimg.com/profile_banners/48255275/1517959909,009999,EEEEEE,EFEFEF,333333,TRUE,TRUE,FALSE,FALSE,FALSE,FALSE,FALSE,none,congress
40557819,Congresswoman-elect Sylvia Garcia,SenatorSylvia,"Houston, Texas","Passionate about public service. Former social worker, legal aid lawyer, Judge, Houston City Controller, Harris County Commissioner & Tx State Senator.",https://t.co/lch5d5up5X,FALSE,12971,675,427,2009-05-16T22:43:33Z,2591,NA,NA,TRUE,TRUE,15061,en,FALSE,FALSE,FALSE,022330,http://abs.twimg.com/images/themes/theme15/bg.png,https://abs.twimg.com/images/themes/theme15/bg.png,TRUE,http://pbs.twimg.com/profile_images/799730730641203201/BVRLuL8s_normal.jpg,https://pbs.twimg.com/profile_images/799730730641203201/BVRLuL8s_normal.jpg,https://pbs.twimg.com/profile_banners/40557819/1541646726,0084B4,FFFFFF,C0DFEC,333333,TRUE,FALSE,FALSE,FALSE,FALSE,FALSE,FALSE,none,congress
40264497,Ben Cline,Cline4Virginia,"Lexington, VA",Husband of Elizabeth. Father of twin daughters. Representing District 24 in the VA House. Elected on 11/6 to represent Virginia's 6th District in Congress.,https://t.co/c5WIjSCvUc,FALSE,5546,1273,172,2009-05-15T15:37:07Z,331,NA,NA,FALSE,TRUE,1047,en,FALSE,FALSE,FALSE,08235A,http://abs.twimg.com/images/themes/theme1/bg.png,https://abs.twimg.com/images/themes/theme1/bg.png,FALSE,http://pbs.twimg.com/profile_images/405647302/bcshakinghand_normal.jpg,https://pbs.twimg.com/profile_images/405647302/bcshakinghand_normal.jpg,https://pbs.twimg.com/profile_banners/40264497/1540392292,6D0101,9E9997,EFEFEF,333333,TRUE,FALSE,FALSE,FALSE,FALSE,FALSE,FALSE,none,congress
39894447,Dean Phillips,deanbphillips,"Deephaven, Minnesota","Dad, entrepreneur, state fair and hockey lover, and Congressman-elect in Minnesota‚Äôs 3rd district. Tweets are my own, change is coming, and everyone‚Äôs invited!",https://t.co/k4AilcCjZX,FALSE,11276,884,178,2009-05-14T01:32:09Z,3189,NA,NA,TRUE,TRUE,802,en,FALSE,FALSE,FALSE,C0DEED,http://abs.twimg.com/images/themes/theme1/bg.png,https://abs.twimg.com/images/themes/theme1/bg.png,FALSE,http://pbs.twimg.com/profile_images/867490338012844032/CJRfTkYa_normal.jpg,https://pbs.twimg.com/profile_images/867490338012844032/CJRfTkYa_normal.jpg,https://pbs.twimg.com/profile_banners/39894447/1532964671,1DA1F2,C0DEED,DDEEF6,333333,TRUE,TRUE,TRUE,FALSE,FALSE,FALSE,FALSE,none,congress
38960144,Veronica Escobar,vgescobar,"El Paso, TX","Congresswoman-Elect, TX 16th - proud mother - fortunate to live in El Paso, the greatest community in America",https://t.co/eWt0HwG83U,FALSE,10910,1851,196,2009-05-10T00:30:04Z,6888,NA,NA,TRUE,TRUE,8463,en,FALSE,FALSE,FALSE,000000,http://abs.twimg.com/images/themes/theme1/bg.png,https://abs.twimg.com/images/themes/theme1/bg.png,FALSE,http://pbs.twimg.com/profile_images/992510680669474816/bAZ-5F80_normal.jpg,https://pbs.twimg.com/profile_images/992510680669474816/bAZ-5F80_normal.jpg,https://pbs.twimg.com/profile_banners/38960144/1540147048,1B95E0,000000,000000,000000,FALSE,FALSE,FALSE,FALSE,FALSE,FALSE,FALSE,none,congress
34715823,Debbie Lesko,DebbieLesko,Arizona,Congresswoman from Arizona's 8th Congressional District.,https://t.co/VVVoqVrhwM,FALSE,9137,1237,242,2009-04-23T20:14:56Z,4981,NA,NA,TRUE,TRUE,5628,en,FALSE,FALSE,FALSE,C0DEED,http://abs.twimg.com/images/themes/theme1/bg.png,https://abs.twimg.com/images/themes/theme1/bg.png,FALSE,http://pbs.twimg.com/profile_images/1036120431588126720/itRGqkX3_normal.jpg,https://pbs.twimg.com/profile_images/1036120431588126720/itRGqkX3_normal.jpg,https://pbs.twimg.com/profile_banners/34715823/1537414519,1DA1F2,C0DEED,DDEEF6,333333,TRUE,FALSE,TRUE,FALSE,FALSE,FALSE,FALSE,none,congress
31013444,Ayanna Pressley,AyannaPressley,"Dorchester, MA",Change can‚Äôt wait. History-making Boston City Councilor who ran to be a champion & advocate in Congress. Congresswoman-Elect MA 7th Congressional District,https://t.co/CiUeOmggQ1,FALSE,107630,12551,1055,2009-04-14T01:06:07Z,6444,NA,NA,TRUE,TRUE,17801,en,FALSE,FALSE,FALSE,6016B5,http://abs.twimg.com/images/themes/theme1/bg.png,https://abs.twimg.com/images/themes/theme1/bg.png,FALSE,http://pbs.twimg.com/profile_images/1015233088832655366/eWpQtTqh_normal.jpg,https://pbs.twimg.com/profile_images/1015233088832655366/eWpQtTqh_normal.jpg,https://pbs.twimg.com/profile_banners/31013444/1529090066,9718D9,FFFFFF,CC5334,6C2E61,TRUE,TRUE,FALSE,FALSE,FALSE,FALSE,FALSE,none,congress
28267055,Kevin Cramer,kevincramer,"Bismarck, North Dakota","U.S. Representative, Senator-elect, GOP Conservative, husband, & father of 5 great kids!",https://t.co/84HOBA3SY8,FALSE,9256,116,186,2009-04-02T02:58:44Z,0,NA,NA,TRUE,TRUE,1737,en,FALSE,FALSE,FALSE,000000,http://abs.twimg.com/images/themes/theme1/bg.png,https://abs.twimg.com/images/themes/theme1/bg.png,FALSE,http://pbs.twimg.com/profile_images/981265451975086081/4lKh1kqd_normal.jpg,https://pbs.twimg.com/profile_images/981265451975086081/4lKh1kqd_normal.jpg,https://pbs.twimg.com/profile_banners/28267055/1538338596,254363,EEEEEE,EFEFEF,333333,TRUE,FALSE,FALSE,FALSE,FALSE,FALSE,FALSE,none,congress
27789237,Harley Rouda,HarleyRouda,"Laguna Beach, CA","Father, Husband, Congressman-elect for California's 48th district in the 116th Congress.",https://t.co/xyczExfMBg,FALSE,75199,9183,564,2009-03-31T02:12:52Z,22845,NA,NA,TRUE,TRUE,7317,en,FALSE,FALSE,FALSE,000000,http://abs.twimg.com/images/themes/theme1/bg.png,https://abs.twimg.com/images/themes/theme1/bg.png,FALSE,http://pbs.twimg.com/profile_images/977940546973921280/yPUWjXhF_normal.jpg,https://pbs.twimg.com/profile_images/977940546973921280/yPUWjXhF_normal.jpg,https://pbs.twimg.com/profile_banners/27789237/1490245980,1B95E0,000000,000000,000000,FALSE,TRUE,FALSE,FALSE,FALSE,FALSE,FALSE,none,congress
26057209,John Curtis,CurtisUT,Provo,U.S. Representative for Utah‚Äôs Third Congressional District,https://t.co/UR2hqp8qot,FALSE,6186,247,152,2009-03-23T18:22:51Z,1965,NA,NA,TRUE,TRUE,4500,en,FALSE,FALSE,FALSE,022330,http://abs.twimg.com/images/themes/theme15/bg.png,https://abs.twimg.com/images/themes/theme15/bg.png,FALSE,http://pbs.twimg.com/profile_images/867460801392783360/1i_3WW5w_normal.jpg,https://pbs.twimg.com/profile_images/867460801392783360/1i_3WW5w_normal.jpg,https://pbs.twimg.com/profile_banners/26057209/1489520831,0084B4,A8C7F7,C0DFEC,333333,TRUE,TRUE,FALSE,FALSE,FALSE,FALSE,FALSE,none,congress
24215154,Andy Kim,AndyKimNJ,"Marlton, NJ","Running for Congress in New Jersey Third, Former White House National Security Official, Diplomat, Counter-ISIS Coordinator, Rhodes Scholar",https://t.co/SXU4Yf4kta,FALSE,16171,336,246,2009-03-13T17:54:05Z,249,NA,NA,TRUE,TRUE,1254,en,FALSE,FALSE,FALSE,C0DEED,http://abs.twimg.com/images/themes/theme1/bg.png,https://abs.twimg.com/images/themes/theme1/bg.png,FALSE,http://pbs.twimg.com/profile_images/1029838390735204352/0JkXS-4E_normal.jpg,https://pbs.twimg.com/profile_images/1029838390735204352/0JkXS-4E_normal.jpg,https://pbs.twimg.com/profile_banners/24215154/1521212357,1DA1F2,C0DEED,DDEEF6,333333,TRUE,TRUE,TRUE,FALSE,FALSE,FALSE,FALSE,none,congress
21826591,Van Taylor,VanTaylorTX,"Plano, TX","Decorated Marine Corps Veteran, Businessman, Texas Senator District 8 serving Collin & Dallas counties",https://t.co/6r5sEfcIv8,FALSE,9099,1822,351,2009-02-25T02:34:41Z,1087,NA,NA,TRUE,TRUE,5385,en,FALSE,FALSE,FALSE,709397,http://abs.twimg.com/images/themes/theme6/bg.gif,https://abs.twimg.com/images/themes/theme6/bg.gif,FALSE,http://pbs.twimg.com/profile_images/965967715847438338/_ytOPTXT_normal.jpg,https://pbs.twimg.com/profile_images/965967715847438338/_ytOPTXT_normal.jpg,https://pbs.twimg.com/profile_banners/21826591/1503507966,FF3300,86A4A6,A0C5C7,333333,TRUE,TRUE,FALSE,FALSE,FALSE,FALSE,FALSE,none,congress
20747881,Kyrsten Sinema,kyrstensinema,Phoenix,"Just elected as Senator for Arizona. Also: teaching @ASU, ultramarathoner, and IRONMAN.",https://t.co/X4PE9gDMBw,FALSE,96258,295,1382,2009-02-13T04:32:46Z,199,NA,NA,TRUE,TRUE,14836,en,FALSE,FALSE,FALSE,FDDFA1,http://abs.twimg.com/images/themes/theme3/bg.gif,https://abs.twimg.com/images/themes/theme3/bg.gif,FALSE,http://pbs.twimg.com/profile_images/913536000579825671/fCG9ySli_normal.jpg,https://pbs.twimg.com/profile_images/913536000579825671/fCG9ySli_normal.jpg,https://pbs.twimg.com/profile_banners/20747881/1541904014,572C7E,FFAC4D,FFAC4D,303B30,TRUE,TRUE,FALSE,FALSE,FALSE,FALSE,FALSE,none,congress
14573926,Mike Levin,MikeLevinCA,"California, USA","Proud husband/dad, SoCal native, clean energy advocate, environmental attorney, Stanford/Duke alum. Soon representing CA-49 in Congress. All tweets by me.",https://t.co/G2vPlNUaqp,FALSE,99916,14032,938,2008-04-28T19:30:07Z,9269,NA,NA,TRUE,TRUE,7809,en,FALSE,FALSE,FALSE,C0DEED,http://abs.twimg.com/images/themes/theme1/bg.png,https://abs.twimg.com/images/themes/theme1/bg.png,FALSE,http://pbs.twimg.com/profile_images/839451733440909313/CDWODhHW_normal.jpg,https://pbs.twimg.com/profile_images/839451733440909313/CDWODhHW_normal.jpg,https://pbs.twimg.com/profile_banners/14573926/1527031582,1DA1F2,C0DEED,DDEEF6,333333,TRUE,TRUE,TRUE,FALSE,FALSE,FALSE,FALSE,none,congress
